index_1based,timestamp,sut_version,value
1,2021-09-01 01:09:08,531193,1791.8
2,2021-09-01 06:09:21,531193,1834.8
3,2021-09-01 06:09:38,531193,1844.0
4,2021-09-01 06:09:50,531193,1671.8
5,2021-09-01 07:09:31,531193,1606.2
6,2021-09-01 07:09:50,531193,1783.0
7,2021-09-01 08:09:32,531194,1739.8
8,2021-09-01 11:09:21,531195,1730.0
9,2021-09-01 02:09:46,531197,1763.2
10,2021-09-01 03:09:02,531197,1820.6
11,2021-09-01 04:09:04,531199,1790.2
12,2021-09-01 04:09:30,531199,1803.2
13,2021-09-01 09:09:51,531204,1848.2
14,2021-09-01 11:09:42,531205,2055.6
15,2021-09-02 06:09:02,531206,1607.2
16,2021-09-02 06:09:27,531206,1742.8
17,2021-09-02 07:09:22,531206,1838.8
18,2021-09-02 08:09:39,531206,1684.2
19,2021-09-02 01:09:11,531208,1727.8
20,2021-09-02 09:09:42,531208,2092.6
21,2021-09-02 10:09:58,531208,1611.6
22,2021-09-02 12:09:28,531208,1587.4
23,2021-09-02 02:09:39,531209,1690.8
24,2021-09-02 02:09:47,531210,1703.4
25,2021-09-02 04:09:12,531212,1803.8
26,2021-09-02 04:09:18,531212,1690.4
27,2021-09-02 04:09:58,531212,1861.4
28,2021-09-02 05:09:11,531213,1773.8
29,2021-09-02 06:09:53,531213,1946.4
30,2021-09-03 01:09:21,531217,1682.6
31,2021-09-03 02:09:59,531217,1627.8
32,2021-09-03 12:09:09,531217,1785.0
33,2021-09-03 07:09:57,531218,1684.2
34,2021-09-03 09:09:12,531218,1684.6
35,2021-09-03 09:09:38,531218,1831.2
36,2021-09-03 10:09:39,531218,2009.4
37,2021-09-03 01:09:12,531221,1754.8
38,2021-09-03 01:09:37,531221,1891.0
39,2021-09-03 03:09:09,531221,1645.8
40,2021-09-03 12:09:37,531221,1853.2
41,2021-09-03 02:09:51,531223,1739.2
42,2021-09-03 07:09:10,531230,1681.2
43,2021-09-03 08:09:45,531230,1582.4
44,2021-09-03 11:09:59,531234,1489.4
45,2021-09-04 01:09:19,531234,1696.6
46,2021-09-05 05:09:32,531234,1962.4
47,2021-09-05 08:09:19,531234,1816.4
48,2021-09-06 07:09:30,531234,1694.6
49,2021-09-06 08:09:48,531236,2049.0
50,2021-09-06 08:09:53,531236,1821.8
51,2021-09-06 11:09:08,531237,1976.6
52,2021-09-06 12:09:33,531238,1594.8
53,2021-09-06 01:09:56,531239,1693.2
54,2021-09-06 03:09:23,531240,1679.4
55,2021-09-06 03:09:41,531240,1989.2
56,2021-09-06 03:09:55,531240,1663.8
57,2021-09-06 05:09:42,531244,1924.0
58,2021-09-06 07:09:03,531244,1904.0
59,2021-09-06 08:09:35,531244,1679.2
60,2021-09-06 08:09:56,531244,2113.6
61,2021-09-06 11:09:15,531246,1865.2
62,2021-09-06 11:09:29,531246,1655.2
63,2021-09-07 06:09:42,531247,1927.2
64,2021-09-07 06:09:42,531247,1845.8
65,2021-09-07 06:09:49,531247,1936.8
66,2021-09-07 07:09:43,531247,1750.8
67,2021-09-07 08:09:43,531247,1561.2
68,2021-09-07 10:09:20,531247,1739.2
69,2021-09-07 10:09:21,531247,1749.2
70,2021-09-07 10:09:49,531248,1770.8
71,2021-09-07 12:09:12,531249,1854.0
72,2021-09-07 12:09:31,531249,1728.2
73,2021-09-07 01:09:24,531250,1844.6
74,2021-09-07 01:09:45,531250,1771.8
75,2021-09-07 03:09:54,531251,1786.2
76,2021-09-07 03:09:35,531252,1873.4
77,2021-09-07 04:09:05,531252,1812.8
78,2021-09-07 07:09:38,531257,1705.4
79,2021-09-07 08:09:25,531257,1809.8
80,2021-09-07 10:09:33,531258,1746.4
81,2021-09-07 10:09:45,531258,1628.8
82,2021-09-07 11:09:34,531258,1808.0
83,2021-09-07 11:09:52,531258,1692.8
84,2021-09-08 12:09:27,531259,1765.6
85,2021-09-08 06:09:20,531260,1607.8
86,2021-09-08 06:09:29,531260,1688.6
87,2021-09-08 06:09:38,531260,1754.2
88,2021-09-08 01:09:19,531264,1775.8
89,2021-09-08 01:09:24,531264,1817.0
90,2021-09-08 01:09:44,531264,1846.6
91,2021-09-08 01:09:45,531264,1734.8
92,2021-09-08 04:09:35,531267,1625.6
93,2021-09-08 04:09:53,531267,1517.8
94,2021-09-08 05:09:32,531267,1640.2
95,2021-09-08 10:09:00,531267,1777.0
96,2021-09-08 11:09:07,531269,1792.2
97,2021-09-08 11:09:17,531269,1890.0
98,2021-09-08 11:09:27,531269,1905.8
99,2021-09-08 11:09:30,531269,1690.8
100,2021-09-09 12:09:36,531269,1772.8
101,2021-09-09 02:09:41,531270,1634.6
102,2021-09-09 06:09:59,531270,1641.8
103,2021-09-09 10:09:23,531270,1709.8
104,2021-09-09 11:09:07,531270,1598.2
105,2021-09-09 11:09:15,531270,1907.8
106,2021-09-09 11:09:38,531270,1663.6
107,2021-09-09 01:09:44,531271,1757.8
108,2021-09-09 01:09:29,531272,1764.8
109,2021-09-09 02:09:22,531272,1725.4
110,2021-09-09 02:09:59,531272,1857.2
111,2021-09-09 04:09:31,531274,1926.8
112,2021-09-09 05:09:21,531275,1910.6
113,2021-09-09 06:09:06,531276,1599.2
114,2021-09-09 06:09:43,531276,1722.2
115,2021-09-09 07:09:15,531278,1681.6
116,2021-09-09 08:09:23,531279,1845.8
117,2021-09-09 08:09:08,531280,1693.4
118,2021-09-09 08:09:51,531280,1840.0
119,2021-09-09 11:09:02,531284,1655.6
120,2021-09-10 01:09:03,531285,1760.6
121,2021-09-10 02:09:41,531285,1845.6
122,2021-09-10 01:09:30,531286,1760.8
123,2021-09-10 01:09:55,531286,1878.2
124,2021-09-10 02:09:26,531286,1870.8
125,2021-09-10 03:09:26,531286,1710.8
126,2021-09-10 03:09:36,531286,1694.2
127,2021-09-10 03:09:38,531286,1745.6
128,2021-09-10 03:09:39,531286,1501.2
129,2021-09-10 04:09:44,531286,1751.4
130,2021-09-10 05:09:34,531286,1974.0
131,2021-09-10 06:09:08,531286,1819.4
132,2021-09-10 06:09:19,531286,1808.8
133,2021-09-10 06:09:46,531286,1877.0
134,2021-09-10 07:09:00,531286,1861.8
135,2021-09-10 07:09:27,531286,1782.0
136,2021-09-10 10:09:04,531286,1722.6
137,2021-09-10 10:09:21,531286,1786.8
138,2021-09-10 05:09:34,531287,1717.8
139,2021-09-10 05:09:38,531287,1911.2
140,2021-09-10 07:09:19,531289,1966.0
141,2021-09-13 05:09:04,531291,1863.2
142,2021-09-11 12:09:46,531293,1752.4
143,2021-09-11 01:09:48,531294,1625.8
144,2021-09-11 01:09:47,531295,1848.0
145,2021-09-11 02:09:17,531298,1515.4
146,2021-09-11 04:09:32,531299,1611.2
147,2021-09-11 05:09:35,531299,1933.4
148,2021-09-11 08:09:27,531299,1930.6
149,2021-09-12 02:09:57,531300,1746.6
150,2021-09-12 06:09:24,531300,1688.4
151,2021-09-13 05:09:14,531300,1823.2
152,2021-09-13 07:09:21,531301,1793.6
153,2021-09-13 11:09:54,531301,1606.2
154,2021-09-13 11:09:59,531301,1684.2
155,2021-09-13 12:09:43,531301,1718.6
156,2021-09-14 04:09:58,531306,1771.2
157,2021-09-14 04:09:56,531307,1951.6
158,2021-09-14 06:09:13,531307,1670.4
159,2021-09-14 08:09:36,531307,1771.0
160,2021-09-14 09:09:11,531307,1680.4
161,2021-09-14 10:09:46,531307,1715.4
162,2021-09-14 10:09:04,531308,1711.8
163,2021-09-14 11:09:17,531311,1723.8
164,2021-09-15 12:09:21,531313,1704.0
165,2021-09-15 03:09:21,531318,1703.6
166,2021-09-15 04:09:41,531319,1511.0
167,2021-09-15 08:09:31,531320,1664.8
168,2021-09-15 02:09:34,531321,1614.8
169,2021-09-15 02:09:49,531321,1735.6
170,2021-09-15 03:09:31,531321,1583.2
171,2021-09-15 03:09:34,531321,1571.0
172,2021-09-15 04:09:02,531321,1671.2
173,2021-09-15 04:09:33,531321,1909.2
174,2021-09-15 04:09:37,531321,1856.4
175,2021-09-15 04:09:45,531321,1756.4
176,2021-09-15 04:09:50,531321,1716.8
177,2021-09-15 04:09:57,531321,1666.6
178,2021-09-15 05:09:18,531321,1746.8
179,2021-09-15 06:09:00,531321,1772.4
180,2021-09-15 06:09:07,531321,1565.4
181,2021-09-15 06:09:16,531321,1746.8
182,2021-09-15 07:09:42,531321,1680.4
183,2021-09-15 07:09:01,531323,1728.4
184,2021-09-15 07:09:55,531323,1731.4
185,2021-09-15 08:09:49,531323,1815.0
186,2021-09-15 09:09:10,531323,1993.8
187,2021-09-15 09:09:29,531323,1703.8
188,2021-09-15 09:09:32,531323,1648.4
189,2021-09-16 01:09:33,531324,1804.6
190,2021-09-15 10:09:09,531325,1819.2
191,2021-09-15 11:09:47,531326,1826.4
192,2021-09-16 03:09:05,531329,1794.0
193,2021-09-16 03:09:41,531330,1616.8
194,2021-09-16 06:09:15,531333,1743.2
195,2021-09-16 07:09:23,531334,1843.6
196,2021-09-16 07:09:57,531334,1726.4
197,2021-09-16 08:09:39,531334,1866.4
198,2021-09-16 09:09:34,531335,1751.4
199,2021-09-16 09:09:39,531335,1946.6
200,2021-09-16 01:09:05,531336,1747.8
201,2021-09-16 04:09:16,531336,1737.6
202,2021-09-16 05:09:34,531336,1665.4
203,2021-09-16 08:09:52,531336,1647.6
204,2021-09-16 10:09:08,531336,1570.6
205,2021-09-16 10:09:57,531336,1805.8
206,2021-09-16 06:09:33,531337,1565.0
207,2021-09-16 06:09:38,531337,1614.6
208,2021-09-16 07:09:26,531337,1620.0
209,2021-09-16 07:09:38,531337,1661.2
210,2021-09-16 07:09:42,531337,1947.2
211,2021-09-16 09:09:33,531337,1866.0
212,2021-09-16 09:09:44,531340,1814.2
213,2021-09-16 09:09:05,531341,1593.0
214,2021-09-16 10:09:42,531341,1749.6
215,2021-09-16 10:09:45,531344,1828.0
216,2021-09-16 11:09:53,531345,1675.6
217,2021-09-17 12:09:42,531345,1801.0
218,2021-09-16 11:09:34,531346,1591.8
219,2021-09-17 01:09:10,531346,1744.0
220,2021-09-17 12:09:08,531346,1845.4
221,2021-09-17 06:09:04,531349,1864.2
222,2021-09-17 06:09:43,531349,1645.6
223,2021-09-17 01:09:39,531350,1719.0
224,2021-09-17 01:09:49,531350,1950.6
225,2021-09-17 02:09:52,531350,1527.6
226,2021-09-17 03:09:30,531350,1699.2
227,2021-09-17 03:09:51,531350,1620.0
228,2021-09-17 05:09:07,531350,1634.2
229,2021-09-17 05:09:47,531350,1716.2
230,2021-09-17 12:09:50,531350,1569.0
231,2021-09-17 06:09:48,531351,1777.2
232,2021-09-17 09:09:30,531358,1736.6
233,2021-09-17 09:09:48,531358,1670.6
234,2021-09-18 12:09:39,531359,1861.2
235,2021-09-18 09:09:47,531364,1652.4
236,2021-09-19 05:09:40,531364,1710.6
237,2021-09-20 06:09:00,531364,1951.6
238,2021-09-20 10:09:09,531364,1584.0
239,2021-09-20 11:09:35,531364,1862.8
240,2021-09-20 11:09:58,531364,1663.2
241,2021-09-20 12:09:00,531365,1680.2
242,2021-09-20 12:09:59,531365,1722.0
243,2021-09-20 02:09:25,531366,1721.0
244,2021-09-20 03:09:49,531366,1644.0
245,2021-09-20 05:09:47,531366,1577.4
246,2021-09-20 06:09:06,531366,1640.6
247,2021-09-20 06:09:29,531366,1775.8
248,2021-09-20 07:09:32,531367,1568.2
249,2021-09-20 09:09:25,531369,1784.6
250,2021-09-20 09:09:31,531369,1816.6
251,2021-09-20 10:09:11,531370,1697.4
252,2021-09-21 02:09:04,531370,1904.2
253,2021-09-21 11:09:03,531370,1695.6
254,2021-09-21 04:09:01,531373,1644.2
255,2021-09-21 05:09:45,531373,1916.2
256,2021-09-21 05:09:52,531373,1846.2
257,2021-09-21 08:09:32,531377,1794.6
258,2021-09-21 08:09:55,531377,1649.4
259,2021-09-21 09:09:13,531379,1777.6
260,2021-09-21 09:09:46,531379,1714.8
261,2021-09-21 10:09:01,531379,1732.4
262,2021-09-21 11:09:42,531380,1781.0
263,2021-09-22 12:09:33,531380,1807.0
264,2021-09-22 01:09:01,531381,1851.2
265,2021-09-22 01:09:15,531381,1849.6
266,2021-09-22 02:09:11,531381,1868.2
267,2021-09-22 05:09:54,531381,1944.0
268,2021-09-22 06:09:34,531381,1670.0
269,2021-09-22 07:09:04,531381,1982.2
270,2021-09-22 07:09:49,531381,1763.8
271,2021-09-22 08:09:02,531381,1778.2
272,2021-09-22 10:09:02,531381,1591.8
273,2021-09-22 10:09:07,531381,1614.8
274,2021-09-22 10:09:14,531381,1990.4
275,2021-09-22 10:09:25,531381,1780.6
276,2021-09-22 04:09:12,531384,1642.0
277,2021-09-22 05:09:54,531385,1847.0
278,2021-09-22 06:09:35,531387,1678.2
279,2021-09-22 07:09:24,531388,1975.4
280,2021-09-22 08:09:15,531389,1647.2
281,2021-09-22 11:09:15,531394,1812.2
282,2021-09-23 01:09:00,531394,1662.4
283,2021-09-23 05:09:06,531394,1657.4
284,2021-09-23 06:09:01,531394,1834.2
285,2021-09-23 06:09:02,531394,1686.8
286,2021-09-23 09:09:50,531398,1764.6
287,2021-09-23 10:09:27,531399,1826.2
288,2021-09-23 10:09:53,531399,1619.6
289,2021-09-23 11:09:33,531399,1757.6
290,2021-09-23 11:09:38,531399,1843.4
291,2021-09-23 01:09:12,531400,2033.0
292,2021-09-23 01:09:51,531400,1701.0
293,2021-09-23 02:09:49,531401,1901.8
294,2021-09-23 02:09:54,531401,1839.2
295,2021-09-23 05:09:32,531405,1800.4
296,2021-09-23 06:09:16,531405,1751.0
297,2021-09-23 07:09:54,531406,1808.0
298,2021-09-23 08:09:51,531407,1895.6
299,2021-09-23 09:09:14,531409,1564.0
300,2021-09-23 10:09:58,531410,1626.0
301,2021-09-23 11:09:37,531411,2011.2
302,2021-09-24 01:09:03,531411,2041.2
303,2021-09-24 01:09:18,531411,1696.4
304,2021-09-24 03:09:05,531411,1729.2
305,2021-09-24 03:09:23,531411,1855.6
306,2021-09-24 03:09:26,531411,1772.2
307,2021-09-24 04:09:10,531411,1675.2
308,2021-09-24 04:09:13,531411,1619.4
309,2021-09-24 04:09:23,531411,1683.0
310,2021-09-24 12:09:01,531411,1659.0
311,2021-09-24 12:09:18,531411,1696.0
312,2021-09-24 07:09:15,531412,1653.8
313,2021-09-24 01:09:24,531414,1702.8
314,2021-09-24 02:09:40,531414,1711.0
315,2021-09-24 03:09:32,531414,1712.2
316,2021-09-24 08:09:50,531414,1874.2
317,2021-09-24 10:09:11,531414,1784.0
318,2021-09-24 11:09:08,531414,1601.8
319,2021-09-24 05:09:17,531417,1687.6
320,2021-09-24 07:09:02,531418,1785.4
321,2021-09-24 10:09:04,531418,1903.4
322,2021-09-24 10:09:10,531419,1847.8
323,2021-09-24 11:09:59,531420,1782.8
324,2021-09-25 01:09:19,531420,1672.4
325,2021-09-25 02:09:16,531420,1889.6
326,2021-09-25 02:09:48,531420,1779.0
327,2021-09-25 04:09:05,531420,1760.0
328,2021-09-25 04:09:34,531420,1560.2
329,2021-09-25 04:09:41,531420,1778.4
330,2021-09-25 05:09:44,531420,1735.6
331,2021-09-25 06:09:38,531420,1669.6
332,2021-09-25 06:09:59,531420,1703.0
333,2021-09-25 07:09:35,531420,1730.2
334,2021-09-25 07:09:48,531420,1739.8
335,2021-09-25 10:09:24,531420,1778.0
336,2021-09-25 12:09:14,531420,1832.6
337,2021-09-25 04:09:20,531421,1686.2
338,2021-09-26 05:09:09,531421,1814.6
339,2021-09-26 05:09:58,531421,1924.0
340,2021-09-27 07:09:25,531423,1886.8
341,2021-09-27 08:09:36,531424,1746.8
342,2021-09-27 10:09:05,531425,1740.8
343,2021-09-27 10:09:31,531426,1749.8
344,2021-09-27 11:09:42,531426,1637.8
345,2021-09-27 12:09:27,531428,1846.0
346,2021-09-27 01:09:03,531429,2080.8
347,2021-09-27 03:09:32,531431,1826.4
348,2021-09-27 04:09:54,531432,1649.2
349,2021-09-27 04:09:03,531433,1598.6
350,2021-09-27 06:09:36,531434,1695.2
351,2021-09-27 08:09:30,531438,1579.2
352,2021-09-27 08:09:48,531438,1631.6
353,2021-09-27 09:09:06,531438,1591.4
354,2021-09-27 11:09:00,531442,1583.2
355,2021-09-28 01:09:59,531445,1678.8
356,2021-09-28 02:09:07,531445,1810.0
357,2021-09-28 02:09:40,531445,1808.2
358,2021-09-28 03:09:15,531445,1673.4
359,2021-09-28 05:09:22,531445,1713.2
360,2021-09-28 06:09:18,531445,1825.0
361,2021-09-28 06:09:50,531445,1512.8
362,2021-09-28 06:09:55,531445,1745.6
363,2021-09-28 07:09:41,531445,1692.8
364,2021-09-28 07:09:42,531445,1968.4
365,2021-09-28 08:09:51,531445,1793.4
366,2021-09-28 08:09:59,531445,1718.6
367,2021-09-28 09:09:01,531446,1592.4
368,2021-09-28 09:09:29,531446,1722.8
369,2021-09-28 09:09:35,531446,1995.4
370,2021-09-28 09:09:47,531446,1637.2
371,2021-09-28 10:09:23,531446,1763.0
372,2021-09-28 10:09:37,531446,1661.2
373,2021-09-28 10:09:49,531446,1656.6
374,2021-09-28 10:09:56,531446,2023.6
375,2021-09-28 11:09:28,531446,1825.8
376,2021-09-28 01:09:04,531447,1854.2
377,2021-09-28 12:09:44,531447,1730.4
378,2021-09-28 01:09:05,531448,1814.4
379,2021-09-28 02:09:53,531448,1749.6
380,2021-09-28 03:09:18,531449,1706.2
381,2021-09-28 04:09:22,531450,1911.4
382,2021-09-28 05:09:21,531450,1860.2
383,2021-09-28 05:09:24,531450,1780.0
384,2021-09-28 07:09:24,531452,1585.0
385,2021-09-28 08:09:08,531453,1743.4
386,2021-09-28 08:09:54,531453,1623.4
387,2021-09-28 10:09:37,531454,1685.6
388,2021-09-28 10:09:53,531454,1914.8
389,2021-09-28 11:09:35,531454,1806.2
390,2021-09-29 12:09:11,531455,1732.6
391,2021-09-29 01:09:14,531456,1736.4
392,2021-09-29 01:09:57,531457,1542.4
393,2021-09-29 01:09:59,531457,1623.0
394,2021-09-29 02:09:15,531458,1851.6
395,2021-09-29 02:09:28,531459,1778.4
396,2021-09-29 03:09:04,531459,1822.4
397,2021-09-29 03:09:19,531459,1775.0
398,2021-09-29 04:09:14,531461,1652.8
399,2021-09-29 06:09:05,531463,1853.8
400,2021-09-29 06:09:07,531463,1689.6
401,2021-09-29 06:09:52,531463,1649.4
402,2021-09-29 06:09:45,531464,1922.6
403,2021-09-29 07:09:29,531466,1848.6
404,2021-09-29 07:09:52,531466,1636.8
405,2021-09-29 08:09:20,531466,1808.4
406,2021-09-29 11:09:20,531468,1699.4
407,2021-09-29 11:09:48,531468,1881.6
408,2021-09-29 12:09:04,531469,1595.4
409,2021-09-29 02:09:56,531471,1782.2
410,2021-09-29 04:09:05,531471,1797.0
411,2021-09-29 04:09:57,531471,1684.8
412,2021-09-29 04:09:56,531473,1728.8
413,2021-09-29 06:09:08,531475,1809.4
414,2021-09-29 06:09:44,531475,1737.4
415,2021-09-29 07:09:37,531477,1825.8
416,2021-09-29 09:09:31,531477,1683.2
417,2021-09-29 09:09:39,531477,1992.6
418,2021-09-29 10:09:22,531478,1970.4
419,2021-09-29 10:09:56,531478,1835.0
420,2021-09-30 01:09:54,531482,1787.2
421,2021-09-30 02:09:46,531483,1754.4
422,2021-09-30 02:09:47,531483,1825.2
423,2021-09-30 03:09:24,531483,1868.2
424,2021-09-30 04:09:28,531486,1638.0
425,2021-09-30 04:09:19,531487,1737.4
426,2021-09-30 04:09:23,531487,1804.4
427,2021-09-30 06:09:10,531488,1713.8
428,2021-09-30 06:09:10,531488,1730.6
429,2021-09-30 06:09:24,531488,1742.6
430,2021-09-30 06:09:26,531488,1791.8
431,2021-09-30 07:09:02,531488,1736.8
432,2021-09-30 07:09:32,531488,1581.6
433,2021-09-30 07:09:46,531488,1939.2
434,2021-09-30 08:09:13,531490,1873.4
435,2021-09-30 08:09:20,531490,1838.0
436,2021-09-30 08:09:30,531490,1732.4
437,2021-09-30 08:09:44,531491,1599.2
438,2021-09-30 11:09:00,531492,1614.8
439,2021-09-30 11:09:15,531492,1738.6
440,2021-09-30 11:09:41,531492,1711.4
441,2021-09-30 12:09:58,531494,1751.6
442,2021-09-30 02:09:03,531497,1929.0
443,2021-09-30 03:09:16,531497,1563.4
444,2021-09-30 03:09:39,531497,1853.8
445,2021-09-30 04:09:12,531498,1764.2
446,2021-09-30 06:09:12,531500,1533.0
447,2021-09-30 07:09:01,531501,1567.4
448,2021-09-30 07:09:29,531501,1817.6
449,2021-10-01 01:10:07,531508,1895.6
450,2021-10-01 01:10:25,531508,2023.8
451,2021-10-01 12:10:25,531508,1608.4
452,2021-10-01 12:10:42,531508,1850.2
453,2021-10-01 01:10:12,531509,1628.6
454,2021-10-01 02:10:03,531509,1510.2
455,2021-10-01 02:10:09,531509,1668.0
456,2021-10-01 02:10:16,531509,1781.0
457,2021-10-01 02:10:41,531509,1785.6
458,2021-10-01 02:10:59,531509,1579.2
459,2021-10-01 06:10:10,531510,1785.4
460,2021-10-01 08:10:14,531511,1746.0
461,2021-10-01 08:10:22,531511,1979.6
462,2021-10-01 09:10:15,531511,1583.4
463,2021-10-01 09:10:56,531511,1656.2
464,2021-10-01 10:10:05,531511,1610.8
465,2021-10-01 10:10:36,531511,1624.4
466,2021-10-01 02:10:04,531514,1880.0
467,2021-10-01 03:10:52,531516,1696.8
468,2021-10-01 07:10:37,531520,1726.4
469,2021-10-02 02:10:54,531520,1990.2
470,2021-10-02 02:10:59,531520,1771.0
471,2021-10-02 03:10:16,531521,1700.0
472,2021-10-02 03:10:19,531521,1789.0
473,2021-10-02 01:10:52,531523,1849.8
474,2021-10-02 04:10:05,531523,1876.6
475,2021-10-02 04:10:20,531523,1692.0
476,2021-10-02 04:10:36,531523,1746.8
477,2021-10-02 06:10:19,531523,1699.2
478,2021-10-02 06:10:39,531523,1677.6
479,2021-10-02 08:10:12,531523,1582.4
480,2021-10-02 10:10:47,531523,1661.6
481,2021-10-03 02:10:54,531524,1743.2
482,2021-10-03 07:10:01,531524,1586.0
483,2021-10-03 09:10:13,531526,1660.6
484,2021-10-04 11:10:23,531526,1787.6
485,2021-10-04 12:10:49,531526,1833.4
486,2021-10-04 01:10:44,531527,1699.4
487,2021-10-04 12:10:27,531527,1596.4
488,2021-10-04 02:10:34,531528,1749.0
489,2021-10-04 03:10:02,531530,1829.0
490,2021-10-04 07:10:28,531533,1808.0
491,2021-10-04 07:10:49,531533,1713.6
492,2021-10-04 10:10:20,531536,1688.4
493,2021-10-04 10:10:52,531536,1736.8
494,2021-10-04 10:10:58,531537,1550.6
495,2021-10-05 02:10:13,531537,1825.2
496,2021-10-05 02:10:17,531537,1895.4
497,2021-10-05 06:10:42,531537,1865.6
498,2021-10-05 07:10:01,531537,1825.4
499,2021-10-05 07:10:15,531537,1602.4
500,2021-10-05 08:10:24,531538,1699.6
501,2021-10-05 10:10:09,531543,1829.6
502,2021-10-05 12:10:09,531543,1646.0
503,2021-10-05 12:10:23,531543,2113.8
504,2021-10-05 12:10:48,531543,1909.8
505,2021-10-05 01:10:15,531544,1713.2
506,2021-10-05 04:10:27,531546,1735.0
507,2021-10-05 07:10:11,531548,1700.6
508,2021-10-05 07:10:07,531549,1795.4
509,2021-10-05 08:10:17,531553,1643.2
510,2021-10-05 08:10:24,531553,1706.8
511,2021-10-05 09:10:09,531554,1697.8
512,2021-10-05 10:10:58,531554,1758.8
513,2021-10-05 11:10:28,531555,1617.6
514,2021-10-05 11:10:49,531555,1756.0
515,2021-10-06 05:10:39,531556,1720.4
516,2021-10-06 06:10:15,531556,1664.0
517,2021-10-06 06:10:46,531556,1617.0
518,2021-10-06 07:10:15,531556,1613.2
519,2021-10-06 11:10:07,531556,1731.8
520,2021-10-06 11:10:50,531557,1880.2
521,2021-10-06 11:10:45,531558,1824.4
522,2021-10-06 01:10:58,531559,1733.2
523,2021-10-06 02:10:19,531560,1837.0
524,2021-10-06 02:10:21,531560,1688.2
525,2021-10-06 02:10:58,531560,1695.4
526,2021-10-06 03:10:47,531562,2009.6
527,2021-10-06 04:10:06,531562,1670.4
528,2021-10-06 04:10:54,531563,1678.4
529,2021-10-06 06:10:43,531563,1817.4
530,2021-10-06 08:10:39,531566,2071.2
531,2021-10-07 03:10:41,531570,1804.6
532,2021-10-07 06:10:24,531574,1820.6
533,2021-10-07 06:10:41,531574,1755.0
534,2021-10-07 08:10:16,531574,1799.0
535,2021-10-07 09:10:38,531575,1687.2
536,2021-10-07 10:10:53,531575,1867.4
537,2021-10-08 12:10:56,531575,1661.2
538,2021-10-07 11:10:59,531576,1859.6
539,2021-10-08 01:10:36,531577,1776.8
540,2021-10-08 02:10:25,531577,1853.0
541,2021-10-08 04:10:46,531577,1852.4
542,2021-10-08 05:10:10,531577,1777.6
543,2021-10-08 07:10:19,531577,1778.8
544,2021-10-08 08:10:02,531577,1676.6
545,2021-10-08 08:10:54,531577,1532.2
546,2021-10-08 09:10:11,531577,1692.0
547,2021-10-08 11:10:47,531577,1681.0
548,2021-10-08 12:10:51,531577,1733.4
549,2021-10-08 01:10:06,531578,1674.0
550,2021-10-08 02:10:27,531578,1750.6
551,2021-10-08 02:10:44,531578,1709.2
552,2021-10-08 03:10:22,531578,1951.6
553,2021-10-08 04:10:34,531578,1740.2
554,2021-10-08 04:10:44,531578,1940.2
555,2021-10-08 04:10:44,531578,1871.0
556,2021-10-08 07:10:12,531578,1631.0
557,2021-10-08 07:10:31,531578,1802.8
558,2021-10-08 09:10:45,531578,1666.2
559,2021-10-08 09:10:59,531578,1828.4
560,2021-10-09 03:10:36,531578,1742.4
561,2021-10-09 04:10:06,531579,1826.0
562,2021-10-09 04:10:14,531579,1711.0
563,2021-10-09 12:10:38,531579,1556.0
564,2021-10-09 09:10:35,531582,1572.4
565,2021-10-09 10:10:12,531582,1707.4
566,2021-10-09 11:10:52,531582,2047.6
567,2021-10-10 11:10:24,531584,1829.0
568,2021-10-11 03:10:23,531584,1817.4
569,2021-10-11 06:10:12,531584,1811.4
570,2021-10-11 11:10:19,531585,1627.6
571,2021-10-11 12:10:34,531585,1700.0
572,2021-10-11 11:10:07,531587,1784.4
573,2021-10-11 11:10:36,531587,1833.6
574,2021-10-11 11:10:51,531587,1847.8
575,2021-10-12 05:10:30,531587,1692.6
576,2021-10-12 01:10:37,531592,1832.6
577,2021-10-13 07:10:08,531592,1805.0
578,2021-10-12 07:10:27,531593,1755.6
579,2021-10-13 02:10:03,531593,1749.8
580,2021-10-13 05:10:04,531593,1606.6
581,2021-10-13 05:10:14,531595,2029.2
582,2021-10-13 05:10:58,531595,1631.6
583,2021-10-14 08:10:13,531596,1866.6
584,2021-10-14 10:10:03,531598,1784.0
585,2021-10-14 10:10:05,531598,1809.2
586,2021-10-14 10:10:12,531598,1800.2
587,2021-10-13 01:10:00,531599,2032.2
588,2021-10-14 11:10:20,531599,1681.6
589,2021-10-15 12:10:58,531599,1793.2
590,2021-10-14 04:10:26,531600,1808.6
591,2021-10-15 01:10:02,531600,1951.2
592,2021-10-15 01:10:14,531600,1964.0
593,2021-10-15 01:10:23,531600,1590.8
594,2021-10-15 02:10:49,531600,2041.4
595,2021-10-15 12:10:35,531600,2014.6
596,2021-10-14 08:10:00,531602,1759.0
597,2021-10-15 01:10:29,531602,1776.4
598,2021-10-15 02:10:50,531602,2030.6
599,2021-10-15 03:10:03,531602,1778.4
600,2021-10-15 03:10:13,531602,1781.8
601,2021-10-15 03:10:37,531602,1594.2
602,2021-10-15 03:10:55,531602,1776.4
603,2021-10-15 04:10:04,531602,1675.6
604,2021-10-15 04:10:25,531602,1587.8
605,2021-10-15 05:10:17,531602,1783.4
606,2021-10-15 05:10:38,531602,1764.2
607,2021-10-15 05:10:56,531602,1852.2
608,2021-10-15 06:10:03,531603,1628.0
609,2021-10-15 06:10:26,531603,1842.4
610,2021-10-15 06:10:34,531603,1884.6
611,2021-10-15 06:10:51,531604,2138.0
612,2021-10-15 07:10:11,531604,1902.2
613,2021-10-14 07:10:22,531605,1701.8
614,2021-10-15 07:10:32,531605,1528.6
615,2021-10-14 04:10:30,531606,1857.0
616,2021-10-15 07:10:54,531606,1979.6
617,2021-10-15 08:10:15,531607,1631.0
618,2021-10-15 08:10:18,531607,1857.4
619,2021-10-15 10:10:39,531607,1622.2
620,2021-10-14 07:10:17,531608,1603.2
621,2021-10-15 10:10:08,531608,1749.2
622,2021-10-15 11:10:38,531608,1741.6
623,2021-10-15 01:10:23,531610,1817.0
624,2021-10-15 02:10:41,531612,1775.8
625,2021-10-15 03:10:22,531612,1830.0
626,2021-10-15 03:10:29,531612,1609.0
627,2021-10-15 03:10:55,531612,1773.4
628,2021-10-15 03:10:13,531614,1813.6
629,2021-10-15 05:10:37,531615,1680.8
630,2021-10-15 05:10:38,531615,1709.8
631,2021-10-15 05:10:52,531615,1597.0
632,2021-10-15 09:10:59,531615,1722.4
633,2021-10-15 10:10:57,531617,1566.6
634,2021-10-16 03:10:14,531617,1754.2
635,2021-10-15 10:10:24,531618,1891.4
636,2021-10-15 10:10:28,531620,1759.0
637,2021-10-15 11:10:31,531620,1848.2
638,2021-10-16 05:10:20,531620,1843.4
639,2021-10-16 02:10:23,531621,1586.4
640,2021-10-16 06:10:27,531622,1796.6
641,2021-10-16 10:10:49,531622,1763.4
642,2021-10-16 10:10:57,531622,1661.4
643,2021-10-16 01:10:44,531623,1572.4
644,2021-10-16 03:10:16,531623,1887.0
645,2021-10-16 11:10:56,531623,1782.4
646,2021-10-17 06:10:51,531623,1660.6
647,2021-10-17 07:10:07,531623,1949.4
648,2021-10-18 05:10:56,531625,2020.8
649,2021-10-18 06:10:52,531625,1669.2
650,2021-10-18 07:10:12,531625,1859.8
651,2021-10-18 07:10:26,531625,1744.0
652,2021-10-18 07:10:37,531625,1718.0
653,2021-10-18 08:10:12,531626,1606.0
654,2021-10-18 08:10:25,531626,1806.0
655,2021-10-18 08:10:38,531626,1718.4
656,2021-10-18 09:10:07,531627,2011.2
657,2021-10-18 10:10:14,531627,1727.0
658,2021-10-18 02:10:59,531628,1946.6
659,2021-10-18 12:10:28,531628,1555.8
660,2021-10-18 12:10:29,531628,1761.0
661,2021-10-18 04:10:57,531629,1844.4
662,2021-10-18 05:10:23,531629,1798.4
663,2021-10-18 08:10:11,531631,1604.4
664,2021-10-18 09:10:36,531634,1716.0
665,2021-10-18 09:10:50,531634,1744.0
666,2021-10-18 10:10:01,531635,1871.4
667,2021-10-19 01:10:00,531637,1802.2
668,2021-10-19 01:10:17,531637,1762.4
669,2021-10-19 04:10:52,531641,1717.4
670,2021-10-19 05:10:26,531642,1784.6
671,2021-10-19 05:10:48,531642,1667.8
672,2021-10-19 06:10:29,531643,1871.4
673,2021-10-19 07:10:07,531644,1836.4
674,2021-10-19 07:10:13,531644,1786.8
675,2021-10-19 07:10:20,531644,1638.0
676,2021-10-19 07:10:39,531644,1836.4
677,2021-10-19 07:10:53,531645,1829.4
678,2021-10-19 08:10:51,531645,1732.8
679,2021-10-19 11:10:28,531648,1589.6
680,2021-10-19 11:10:00,531649,1914.8
681,2021-10-19 12:10:33,531649,1735.8
682,2021-10-19 11:10:27,531650,1551.6
683,2021-10-19 01:10:30,531651,1591.2
684,2021-10-19 02:10:42,531651,1694.8
685,2021-10-19 02:10:50,531651,1567.6
686,2021-10-19 02:10:57,531651,1813.0
687,2021-10-19 03:10:04,531652,1988.6
688,2021-10-19 03:10:25,531653,1634.6
689,2021-10-19 04:10:21,531653,1667.2
690,2021-10-19 04:10:11,531654,1881.0
691,2021-10-19 05:10:09,531654,1732.6
692,2021-10-19 05:10:13,531656,1653.0
693,2021-10-19 06:10:27,531656,1671.2
694,2021-10-19 07:10:36,531656,1842.4
695,2021-10-19 07:10:02,531657,1612.2
696,2021-10-19 08:10:48,531658,1595.2
697,2021-10-19 08:10:40,531659,1745.0
698,2021-10-19 11:10:38,531660,1664.4
699,2021-10-20 12:10:47,531660,1704.6
700,2021-10-20 12:10:49,531660,1659.8
701,2021-10-20 01:10:59,531665,1976.2
702,2021-10-20 02:10:39,531665,1916.8
703,2021-10-20 05:10:54,531665,1823.8
704,2021-10-20 06:10:36,531665,1752.6
705,2021-10-20 06:10:39,531665,1764.2
706,2021-10-20 06:10:58,531665,1716.4
707,2021-10-20 07:10:38,531666,1740.8
708,2021-10-20 10:10:44,531669,1706.0
709,2021-10-20 01:10:02,531670,1850.8
710,2021-10-20 02:10:50,531670,1742.4
711,2021-10-20 03:10:30,531671,1674.2
712,2021-10-20 04:10:19,531672,1824.4
713,2021-10-20 04:10:27,531672,1717.2
714,2021-10-20 05:10:54,531674,1651.4
715,2021-10-20 07:10:43,531678,1863.2
716,2021-10-20 08:10:42,531679,1584.2
717,2021-10-20 09:10:01,531680,1725.0
718,2021-10-20 11:10:12,531683,1615.2
719,2021-10-21 12:10:46,531685,1492.2
720,2021-10-21 12:10:57,531686,1818.2
721,2021-10-21 06:10:50,531688,1614.4
722,2021-10-21 02:10:18,531690,1732.2
723,2021-10-21 03:10:59,531690,1889.8
724,2021-10-21 09:10:54,531690,1681.4
725,2021-10-21 02:10:32,531691,1705.4
726,2021-10-21 03:10:12,531691,1605.6
727,2021-10-21 03:10:29,531691,1784.4
728,2021-10-21 03:10:45,531691,2044.2
729,2021-10-21 04:10:13,531691,1708.8
730,2021-10-21 04:10:42,531692,1796.0
731,2021-10-21 05:10:32,531692,1875.0
732,2021-10-21 07:10:56,531695,1788.8
733,2021-10-21 08:10:28,531695,1917.4
734,2021-10-22 12:10:15,531698,1862.6
735,2021-10-22 12:10:38,531698,1691.2
736,2021-10-22 12:10:59,531698,1835.4
737,2021-10-22 02:10:00,531700,1746.6
738,2021-10-22 02:10:27,531700,1789.6
739,2021-10-22 02:10:58,531700,1718.0
740,2021-10-22 06:10:42,531700,1897.8
741,2021-10-22 06:10:02,531701,1787.8
742,2021-10-22 07:10:07,531701,1673.8
743,2021-10-22 08:10:49,531703,1615.6
744,2021-10-22 10:10:52,531707,1663.2
745,2021-10-22 11:10:30,531707,1689.0
746,2021-10-22 11:10:51,531707,1803.4
747,2021-10-22 12:10:13,531707,1871.8
748,2021-10-22 01:10:48,531708,1866.0
749,2021-10-22 01:10:57,531708,1742.6
750,2021-10-22 01:10:18,531709,1805.4
751,2021-10-22 02:10:01,531710,1835.2
752,2021-10-22 04:10:19,531712,1712.6
753,2021-10-22 05:10:22,531713,1867.6
754,2021-10-22 06:10:55,531715,1424.2
755,2021-10-22 07:10:25,531717,1714.6
756,2021-10-22 09:10:25,531718,1572.0
757,2021-10-22 10:10:05,531718,1842.4
758,2021-10-22 10:10:27,531718,1719.6
759,2021-10-23 01:10:18,531721,1759.6
760,2021-10-23 01:10:52,531721,1984.4
761,2021-10-23 02:10:25,531721,1630.8
762,2021-10-23 02:10:51,531721,1849.6
763,2021-10-23 12:10:04,531721,1827.2
764,2021-10-23 12:10:37,531721,1704.8
765,2021-10-23 12:10:37,531721,1715.8
766,2021-10-23 12:10:54,531721,1595.2
767,2021-10-24 12:10:27,531721,1766.2
768,2021-10-25 10:10:01,531721,1753.4
769,2021-10-25 10:10:14,531721,1618.8
770,2021-10-25 11:10:02,531721,1791.6
771,2021-10-25 01:10:22,531723,1833.0
772,2021-10-25 01:10:41,531723,1720.6
773,2021-10-25 01:10:44,531723,1776.4
774,2021-10-25 01:10:47,531723,1622.0
775,2021-10-25 03:10:39,531723,1640.0
776,2021-10-25 12:10:43,531723,1686.6
777,2021-10-25 06:10:57,531724,1657.8
778,2021-10-25 04:10:49,531725,1840.2
779,2021-10-25 04:10:58,531725,1702.6
780,2021-10-25 07:10:43,531727,1624.8
781,2021-10-26 12:10:51,531729,1811.6
782,2021-10-26 01:10:25,531731,1629.2
783,2021-10-26 01:10:25,531731,1864.2
784,2021-10-26 01:10:44,531731,1597.8
785,2021-10-26 01:10:02,531732,1606.4
786,2021-10-26 12:10:51,531732,1960.0
787,2021-10-26 02:10:05,531733,1846.6
788,2021-10-26 04:10:41,531734,1525.4
789,2021-10-26 08:10:21,531736,1628.8
790,2021-10-26 08:10:42,531736,1621.0
791,2021-10-26 08:10:53,531736,1798.8
792,2021-10-26 11:10:25,531741,1791.0
793,2021-10-26 01:10:37,531742,1725.4
794,2021-10-26 01:10:55,531742,1823.4
795,2021-10-26 12:10:59,531742,1705.4
796,2021-10-26 02:10:42,531743,1983.0
797,2021-10-26 02:10:23,531744,1713.0
798,2021-10-26 02:10:43,531744,1806.2
799,2021-10-26 03:10:37,531745,1752.0
800,2021-10-26 04:10:01,531747,1746.6
801,2021-10-26 05:10:32,531747,1676.8
802,2021-10-26 05:10:34,531747,1753.6
803,2021-10-26 05:10:49,531748,1808.0
804,2021-10-26 06:10:31,531748,1799.8
805,2021-10-26 06:10:03,531749,1995.0
806,2021-10-26 06:10:05,531749,1784.4
807,2021-10-26 06:10:33,531749,1652.2
808,2021-10-26 09:10:45,531752,1827.6
809,2021-10-26 10:10:05,531754,1794.2
810,2021-10-26 11:10:41,531755,1792.6
811,2021-10-27 01:10:02,531757,1784.2
812,2021-10-27 01:10:33,531757,1758.8
813,2021-10-27 02:10:05,531757,1631.8
814,2021-10-27 02:10:40,531757,1848.8
815,2021-10-27 03:10:50,531757,1699.0
816,2021-10-27 03:10:51,531757,1835.8
817,2021-10-27 06:10:19,531757,1804.2
818,2021-10-27 06:10:34,531757,1697.6
819,2021-10-27 07:10:59,531757,1871.4
820,2021-10-27 08:10:26,531757,1647.2
821,2021-10-27 09:10:01,531757,1679.4
822,2021-10-27 09:10:09,531757,1593.0
823,2021-10-27 11:10:29,531757,1764.8
824,2021-10-27 12:10:14,531757,1676.6
825,2021-10-27 04:10:44,531759,1685.4
826,2021-10-27 04:10:59,531759,1838.4
827,2021-10-27 04:10:55,531760,1622.4
828,2021-10-27 09:10:29,531760,1764.4
829,2021-10-27 10:10:46,531762,1756.2
830,2021-10-28 12:10:15,531763,1696.6
831,2021-10-28 12:10:44,531763,2131.0
832,2021-10-28 02:10:55,531765,1744.8
833,2021-10-28 03:10:00,531765,1572.8
834,2021-10-28 03:10:07,531765,1635.4
835,2021-10-28 04:10:14,531771,1946.0
836,2021-10-28 05:10:09,531775,1806.6
837,2021-10-28 06:10:00,531776,1953.0
838,2021-10-28 07:10:35,531776,1714.8
839,2021-10-28 08:10:06,531777,1724.2
840,2021-10-28 09:10:50,531778,1870.6
841,2021-10-28 10:10:07,531779,1660.6
842,2021-10-28 12:10:28,531780,1773.4
843,2021-10-28 02:10:05,531782,1625.6
844,2021-10-28 02:10:10,531782,1641.4
845,2021-10-28 02:10:58,531783,1936.2
846,2021-10-28 05:10:48,531786,1861.0
847,2021-10-28 06:10:38,531789,1706.6
848,2021-10-28 06:10:48,531789,1881.4
849,2021-10-28 08:10:08,531791,1762.4
850,2021-10-28 10:10:00,531792,1606.4
851,2021-10-29 01:10:50,531792,1812.6
852,2021-10-29 02:10:23,531794,1703.2
853,2021-10-29 02:10:21,531795,1804.6
854,2021-10-29 02:10:36,531795,1841.4
855,2021-10-29 02:10:25,531798,1852.6
856,2021-10-29 02:10:33,531798,1701.0
857,2021-10-29 06:10:44,531799,1679.6
858,2021-10-29 07:10:09,531800,1910.6
859,2021-10-29 08:10:05,531801,1653.4
860,2021-10-29 08:10:04,531803,1825.0
861,2021-10-29 08:10:32,531803,1892.4
862,2021-10-29 09:10:28,531803,1614.0
863,2021-10-29 02:10:08,531804,1779.8
864,2021-10-29 02:10:42,531804,1673.2
865,2021-10-29 07:10:08,531806,1775.6
866,2021-10-29 07:10:52,531806,1964.2
867,2021-10-29 11:10:33,531806,1912.4
868,2021-10-29 11:10:50,531806,1820.8
869,2021-10-30 01:10:13,531806,1633.6
870,2021-10-30 02:10:23,531806,1755.0
871,2021-10-30 02:10:38,531806,1910.6
872,2021-10-30 04:10:21,531806,1850.2
873,2021-10-30 05:10:10,531806,1526.2
874,2021-10-30 06:10:41,531806,1595.0
875,2021-10-30 06:10:55,531806,1777.8
876,2021-10-30 08:10:59,531808,1853.2
877,2021-10-30 08:10:44,531810,1707.4
878,2021-10-30 08:10:50,531810,1970.8
879,2021-10-30 09:10:22,531810,1915.4
880,2021-10-30 05:10:37,531811,1722.6
881,2021-10-30 10:10:20,531811,1571.6
882,2021-10-31 09:10:34,531811,1639.0
883,2021-10-31 10:10:45,531811,1629.8
884,2021-10-31 10:10:49,531811,1611.8
885,2021-11-01 02:11:04,531815,1871.4
886,2021-11-01 02:11:43,531815,1955.8
887,2021-11-01 11:11:20,531815,1644.2
888,2021-11-01 12:11:03,531815,1920.0
889,2021-11-01 05:11:30,531818,1753.4
890,2021-11-01 09:11:52,531819,1713.8
891,2021-11-02 04:11:35,531819,1773.0
892,2021-11-02 06:11:13,531819,1636.0
893,2021-11-02 06:11:18,531819,1765.2
894,2021-11-02 06:11:18,531819,1698.2
895,2021-11-02 02:11:48,531821,1924.4
896,2021-11-02 07:11:30,531821,1723.2
897,2021-11-02 10:11:30,531821,1744.2
898,2021-11-02 11:11:19,531821,1635.2
899,2021-11-02 12:11:11,531821,1795.4
900,2021-11-02 03:11:26,531822,1684.0
901,2021-11-02 05:11:09,531822,1629.8
902,2021-11-02 05:11:48,531822,1844.4
903,2021-11-02 05:11:59,531823,1873.6
904,2021-11-02 05:11:38,531824,1776.6
905,2021-11-02 08:11:00,531826,1735.2
906,2021-11-02 08:11:53,531826,1940.8
907,2021-11-02 09:11:25,531827,1850.0
908,2021-11-02 09:11:32,531827,1679.6
909,2021-11-02 11:11:08,531827,1770.6
910,2021-11-02 11:11:57,531827,1784.8
911,2021-11-03 12:11:12,531831,1802.6
912,2021-11-03 01:11:30,531832,1760.8
913,2021-11-03 03:11:19,531837,1837.0
914,2021-11-03 04:11:33,531838,1741.0
915,2021-11-03 05:11:19,531838,1769.4
916,2021-11-03 05:11:29,531838,1714.6
917,2021-11-03 06:11:18,531838,1619.2
918,2021-11-03 06:11:20,531838,1863.8
919,2021-11-03 07:11:21,531838,1687.8
920,2021-11-03 10:11:50,531839,1781.4
921,2021-11-03 11:11:00,531839,1799.6
922,2021-11-03 11:11:17,531839,1681.2
923,2021-11-03 11:11:21,531839,1699.0
924,2021-11-03 02:11:40,531842,1980.2
925,2021-11-03 03:11:11,531843,1682.8
926,2021-11-03 03:11:12,531843,1681.0
927,2021-11-03 03:11:49,531843,1813.8
928,2021-11-03 03:11:57,531843,1756.6
929,2021-11-03 07:11:51,531848,1801.0
930,2021-11-03 07:11:37,531849,1717.6
931,2021-11-03 07:11:43,531849,1688.0
932,2021-11-03 07:11:53,531849,1626.4
933,2021-11-03 11:11:08,531851,1650.6
934,2021-11-03 11:11:53,531853,2032.6
935,2021-11-03 11:11:59,531853,1670.0
936,2021-11-04 01:11:03,531853,1735.0
937,2021-11-04 05:11:55,531854,1595.0
938,2021-11-04 06:11:27,531855,1826.8
939,2021-11-04 07:11:10,531857,1746.6
940,2021-11-04 08:11:40,531858,1900.6
941,2021-11-04 09:11:48,531858,1794.6
942,2021-11-04 10:11:02,531858,1839.8
943,2021-11-04 01:11:00,531859,1718.2
944,2021-11-04 01:11:37,531859,1900.8
945,2021-11-04 03:11:30,531860,2033.0
946,2021-11-04 06:11:14,531862,1931.6
947,2021-11-05 04:11:09,531864,1736.4
948,2021-11-05 05:11:48,531865,1655.2
949,2021-11-05 06:11:18,531866,1627.8
950,2021-11-05 06:11:23,531867,1828.8
951,2021-11-05 12:11:18,531867,1629.8
952,2021-11-05 01:11:32,531869,1642.2
953,2021-11-05 01:11:35,531869,1649.6
954,2021-11-05 01:11:51,531869,1682.8
955,2021-11-05 12:11:41,531869,1691.0
956,2021-11-05 03:11:28,531872,1729.6
957,2021-11-05 03:11:56,531872,1937.6
958,2021-11-05 02:11:35,531873,1650.2
959,2021-11-05 02:11:37,531873,1696.2
960,2021-11-05 03:11:14,531874,1897.8
961,2021-11-05 03:11:39,531874,1934.0
962,2021-11-05 04:11:53,531874,1849.8
963,2021-11-05 07:11:35,531874,1720.2
964,2021-11-05 09:11:49,531875,1781.6
965,2021-11-05 10:11:18,531876,1819.0
966,2021-11-05 11:11:52,531876,1649.4
967,2021-11-06 01:11:04,531876,1708.6
968,2021-11-06 01:11:20,531876,1720.8
969,2021-11-06 01:11:40,531876,1651.8
970,2021-11-06 01:11:52,531876,1997.2
971,2021-11-06 02:11:17,531879,1574.6
972,2021-11-06 03:11:48,531879,2099.4
973,2021-11-06 03:11:07,531881,1678.2
974,2021-11-06 03:11:41,531881,1732.4
975,2021-11-06 03:11:52,531881,1848.4
976,2021-11-06 04:11:00,531881,1742.2
977,2021-11-06 04:11:20,531881,1494.6
978,2021-11-06 04:11:36,531881,1765.0
979,2021-11-06 05:11:55,531881,1774.4
980,2021-11-06 06:11:07,531881,1479.4
981,2021-11-06 06:11:18,531881,1900.8
982,2021-11-06 08:11:01,531882,1932.0
983,2021-11-06 08:11:23,531882,1741.2
984,2021-11-06 08:11:44,531882,1969.6
985,2021-11-06 09:11:55,531883,1625.2
986,2021-11-06 10:11:42,531884,1936.0
987,2021-11-06 06:11:46,531885,1892.0
988,2021-11-07 05:11:02,531885,1599.0
989,2021-11-07 11:11:48,531885,1886.4
990,2021-11-08 03:11:07,531885,1846.8
991,2021-11-08 06:11:16,531886,1560.8
992,2021-11-08 06:11:56,531887,1835.8
993,2021-11-08 08:11:52,531888,1758.2
994,2021-11-08 12:11:49,531892,1574.6
995,2021-11-08 02:11:56,531893,1721.2
996,2021-11-08 12:11:46,531893,1698.4
997,2021-11-08 03:11:05,531894,1750.2
998,2021-11-08 03:11:40,531894,1775.2
999,2021-11-08 03:11:55,531894,1918.4
1000,2021-11-08 04:11:51,531895,1783.8
1001,2021-11-08 04:11:19,531896,1773.4
1002,2021-11-08 07:11:58,531897,1699.2
1003,2021-11-08 08:11:21,531899,1740.8
1004,2021-11-08 08:11:53,531899,1752.0
1005,2021-11-08 08:11:52,531900,1787.4
1006,2021-11-08 09:11:05,531900,1639.6
1007,2021-11-08 10:11:31,531900,1627.4
1008,2021-11-08 10:11:55,531900,1827.2
1009,2021-11-09 01:11:11,531900,1649.6
1010,2021-11-09 01:11:32,531900,1740.4
1011,2021-11-09 01:11:46,531900,1767.8
1012,2021-11-09 01:11:52,531900,1895.0
1013,2021-11-09 02:11:14,531900,1496.4
1014,2021-11-08 09:11:14,531901,1643.2
1015,2021-11-08 10:11:30,531901,1761.2
1016,2021-11-08 10:11:32,531901,1787.8
1017,2021-11-08 10:11:48,531901,1870.6
1018,2021-11-08 11:11:30,531905,1793.8
1019,2021-11-09 12:11:44,531906,1666.6
1020,2021-11-09 01:11:00,531909,1641.0
1021,2021-11-09 01:11:56,531909,1868.0
1022,2021-11-09 02:11:00,531909,1570.2
1023,2021-11-09 02:11:12,531909,1689.0
1024,2021-11-09 02:11:25,531909,1675.4
1025,2021-11-09 02:11:45,531909,1715.2
1026,2021-11-09 03:11:34,531909,1726.8
1027,2021-11-09 03:11:12,531910,1869.8
1028,2021-11-09 07:11:23,531913,1766.2
1029,2021-11-09 08:11:40,531913,1687.2
1030,2021-11-09 09:11:53,531913,1517.4
1031,2021-11-09 11:11:16,531913,1530.6
1032,2021-11-09 11:11:48,531914,1793.0
1033,2021-11-09 02:11:24,531915,1832.0
1034,2021-11-09 02:11:42,531915,1841.4
1035,2021-11-09 02:11:18,531916,1590.8
1036,2021-11-09 03:11:19,531917,1698.6
1037,2021-11-09 03:11:59,531917,1757.0
1038,2021-11-09 05:11:35,531917,1678.6
1039,2021-11-09 05:11:38,531917,1656.8
1040,2021-11-09 05:11:10,531919,1960.4
1041,2021-11-09 05:11:21,531919,1806.8
1042,2021-11-09 05:11:27,531920,1727.8
1043,2021-11-09 07:11:35,531921,1841.0
1044,2021-11-09 06:11:31,531922,1722.0
1045,2021-11-09 07:11:44,531923,1690.8
1046,2021-11-09 10:11:36,531926,1813.6
1047,2021-11-10 12:11:08,531927,1656.0
1048,2021-11-10 02:11:46,531929,1837.2
1049,2021-11-10 02:11:14,531930,1926.4
1050,2021-11-10 05:11:18,531933,1829.0
1051,2021-11-10 08:11:09,531934,1762.0
1052,2021-11-10 08:11:09,531935,1844.6
1053,2021-11-10 11:11:31,531937,1747.2
1054,2021-11-10 11:11:41,531937,1576.4
1055,2021-11-10 12:11:28,531937,1642.4
1056,2021-11-10 01:11:41,531940,1763.4
1057,2021-11-10 02:11:41,531940,1902.2
1058,2021-11-10 02:11:37,531941,1708.0
1059,2021-11-10 02:11:51,531941,1629.0
1060,2021-11-10 03:11:44,531941,1741.8
1061,2021-11-10 03:11:03,531942,1529.2
1062,2021-11-10 03:11:46,531942,1787.8
1063,2021-11-10 03:11:49,531942,1851.0
1064,2021-11-10 04:11:04,531942,1932.0
1065,2021-11-10 05:11:44,531942,1951.8
1066,2021-11-10 06:11:15,531942,1579.2
1067,2021-11-10 06:11:54,531943,1710.6
1068,2021-11-10 06:11:58,531943,1904.8
1069,2021-11-10 07:11:45,531943,1682.2
1070,2021-11-10 08:11:01,531944,1798.2
1071,2021-11-10 10:11:58,531946,1828.6
1072,2021-11-10 11:11:03,531946,1652.0
1073,2021-11-10 11:11:53,531947,1682.2
1074,2021-11-11 02:11:16,531950,1886.4
1075,2021-11-11 02:11:31,531950,1776.4
1076,2021-11-11 04:11:07,531951,1655.8
1077,2021-11-11 04:11:48,531951,1758.8
1078,2021-11-11 06:11:35,531953,1903.2
1079,2021-11-11 07:11:15,531953,1682.4
1080,2021-11-11 11:11:37,531957,1787.4
1081,2021-11-11 12:11:33,531957,1796.6
1082,2021-11-11 01:11:56,531959,1609.0
1083,2021-11-11 01:11:06,531961,1866.8
1084,2021-11-11 01:11:49,531961,1712.0
1085,2021-11-11 02:11:03,531961,1839.6
1086,2021-11-11 02:11:10,531961,1930.2
1087,2021-11-11 02:11:12,531963,1599.6
1088,2021-11-11 03:11:07,531964,1778.4
1089,2021-11-11 04:11:11,531965,1862.0
1090,2021-11-11 06:11:54,531968,1749.8
1091,2021-11-11 06:11:59,531968,1765.0
1092,2021-11-11 07:11:27,531969,1692.0
1093,2021-11-11 07:11:51,531969,1607.4
1094,2021-11-11 08:11:02,531969,1760.2
1095,2021-11-11 11:11:31,531969,1720.8
1096,2021-11-12 01:11:55,531972,1645.0
1097,2021-11-12 02:11:52,531973,1577.8
1098,2021-11-12 05:11:41,531975,1619.4
1099,2021-11-12 08:11:40,531977,1630.8
1100,2021-11-12 01:11:29,531979,1752.4
1101,2021-11-12 12:11:30,531979,1990.6
1102,2021-11-12 12:11:44,531979,1858.0
1103,2021-11-12 01:11:04,531980,1703.8
1104,2021-11-12 01:11:52,531980,1917.6
1105,2021-11-12 03:11:55,531984,1896.8
1106,2021-11-12 06:11:00,531985,1618.0
1107,2021-11-12 06:11:43,531985,1835.8
1108,2021-11-12 07:11:04,531985,1644.4
1109,2021-11-12 07:11:35,531985,1700.2
1110,2021-11-12 07:11:51,531986,1834.8
1111,2021-11-12 10:11:35,531986,1769.0
1112,2021-11-12 10:11:49,531987,1778.2
1113,2021-11-12 10:11:53,531987,1617.8
1114,2021-11-12 11:11:11,531989,1701.4
1115,2021-11-13 01:11:03,531989,1902.2
1116,2021-11-14 04:11:46,531990,1872.0
1117,2021-11-14 06:11:12,531990,1709.6
1118,2021-11-15 03:11:05,531990,1715.2
1119,2021-11-15 04:11:19,531990,1974.8
1120,2021-11-15 06:11:28,531990,1736.2
1121,2021-11-15 06:11:34,531990,1803.8
1122,2021-11-15 06:11:48,531990,1746.4
1123,2021-11-15 06:11:59,531990,1824.0
1124,2021-11-15 07:11:28,531991,1716.8
1125,2021-11-15 11:11:36,531993,1668.0
1126,2021-11-15 01:11:38,531994,1776.6
1127,2021-11-15 02:11:19,531994,1593.8
1128,2021-11-15 03:11:20,531996,1576.2
1129,2021-11-15 03:11:53,531996,1896.4
1130,2021-11-15 04:11:40,531997,1702.4
1131,2021-11-15 04:11:35,531999,1683.0
1132,2021-11-15 05:11:26,532001,1824.4
1133,2021-11-15 06:11:22,532001,1795.4
1134,2021-11-15 06:11:25,532001,1744.4
1135,2021-11-15 08:11:19,532001,1813.8
1136,2021-11-15 09:11:18,532001,1701.4
1137,2021-11-15 09:11:19,532001,1719.8
1138,2021-11-15 10:11:20,532002,1795.6
1139,2021-11-16 07:11:13,532005,1929.2
1140,2021-11-16 07:11:17,532005,1462.4
1141,2021-11-16 09:11:14,532005,1724.4
1142,2021-11-16 09:11:10,532007,1740.0
1143,2021-11-16 10:11:36,532007,1715.6
1144,2021-11-16 01:11:41,532008,1675.8
1145,2021-11-16 02:11:50,532008,1705.6
1146,2021-11-16 12:11:04,532008,1923.4
1147,2021-11-16 02:11:30,532009,1585.6
1148,2021-11-16 04:11:43,532010,1791.8
1149,2021-11-16 04:11:05,532011,1744.8
1150,2021-11-16 04:11:24,532011,1777.0
1151,2021-11-16 04:11:50,532011,1524.4
1152,2021-11-16 04:11:04,532012,1702.8
1153,2021-11-16 05:11:27,532012,1932.4
1154,2021-11-16 07:11:02,532014,1713.2
1155,2021-11-16 07:11:42,532014,1735.8
1156,2021-11-16 08:11:04,532014,1933.8
1157,2021-11-16 10:11:02,532014,1652.8
1158,2021-11-16 10:11:40,532014,1565.8
1159,2021-11-16 11:11:09,532014,1858.2
1160,2021-11-16 11:11:47,532014,1845.0
1161,2021-11-17 05:11:04,532017,1847.8
1162,2021-11-17 05:11:17,532017,1707.0
1163,2021-11-17 05:11:41,532017,1564.8
1164,2021-11-17 06:11:02,532017,1896.0
1165,2021-11-17 07:11:11,532017,1790.8
1166,2021-11-17 10:11:59,532018,1769.2
1167,2021-11-17 04:11:47,532019,1869.0
1168,2021-11-17 07:11:04,532019,1720.8
1169,2021-11-18 04:11:15,532020,1713.4
1170,2021-11-17 07:11:53,532021,1757.0
1171,2021-11-18 04:11:35,532022,1837.0
1172,2021-11-18 04:11:40,532022,1776.0
1173,2021-11-18 04:11:59,532022,1772.2
1174,2021-11-18 04:11:15,532026,1884.2
1175,2021-11-18 05:11:39,532026,1707.4
1176,2021-11-19 12:11:36,532026,1667.4
1177,2021-11-18 06:11:57,532029,1639.0
1178,2021-11-19 05:11:58,532029,1896.4
1179,2021-11-19 10:11:49,532031,1684.6
1180,2021-11-19 11:11:02,532031,1627.6
1181,2021-11-19 11:11:10,532032,1840.0
1182,2021-11-19 11:11:46,532032,1874.6
1183,2021-11-19 12:11:47,532032,1900.2
1184,2021-11-19 03:11:44,532033,1846.4
1185,2021-11-19 12:11:03,532033,1549.8
1186,2021-11-19 05:11:12,532034,1816.2
1187,2021-11-19 06:11:25,532034,1718.4
1188,2021-11-19 06:11:13,532036,1907.2
1189,2021-11-19 06:11:35,532036,1631.0
1190,2021-11-19 08:11:30,532036,1689.0
1191,2021-11-19 08:11:10,532037,1745.2
1192,2021-11-19 08:11:14,532037,1618.6
1193,2021-11-19 08:11:20,532037,1741.0
1194,2021-11-19 11:11:26,532037,1847.8
1195,2021-11-19 01:11:43,532038,1631.2
1196,2021-11-19 11:11:18,532038,1658.0
1197,2021-11-19 11:11:45,532038,1677.6
1198,2021-11-20 06:11:35,532040,1776.8
1199,2021-11-20 05:11:52,532041,1844.6
1200,2021-11-20 06:11:41,532043,1839.0
1201,2021-11-20 02:11:44,532045,1939.6
1202,2021-11-20 06:11:49,532045,1867.4
1203,2021-11-20 06:11:52,532045,1913.0
1204,2021-11-20 07:11:03,532045,1670.4
1205,2021-11-20 07:11:30,532045,2033.8
1206,2021-11-20 07:11:55,532045,1829.8
1207,2021-11-20 07:11:58,532045,1768.8
1208,2021-11-20 07:11:59,532045,1906.8
1209,2021-11-20 08:11:18,532045,1946.4
1210,2021-11-20 08:11:58,532045,2028.4
1211,2021-11-20 09:11:51,532046,1807.4
1212,2021-11-20 11:11:40,532047,1738.2
1213,2021-11-21 03:11:39,532048,1598.8
1214,2021-11-22 03:11:46,532048,1799.6
1215,2021-11-22 03:11:56,532048,1785.0
1216,2021-11-22 06:11:17,532048,1996.8
1217,2021-11-22 07:11:30,532048,1892.2
1218,2021-11-22 08:11:49,532049,1844.0
1219,2021-11-22 09:11:12,532050,1887.8
1220,2021-11-22 12:11:00,532051,1569.6
1221,2021-11-22 12:11:55,532051,1600.6
1222,2021-11-22 04:11:43,532052,1839.2
1223,2021-11-22 05:11:12,532052,1828.6
1224,2021-11-22 03:11:58,532053,1811.0
1225,2021-11-22 05:11:23,532053,1741.2
1226,2021-11-22 04:11:42,532055,1992.2
1227,2021-11-22 07:11:37,532056,2070.2
1228,2021-11-22 07:11:05,532057,1589.8
1229,2021-11-22 08:11:38,532057,1665.4
1230,2021-11-22 10:11:41,532060,1612.8
1231,2021-11-22 10:11:07,532061,1717.0
1232,2021-11-22 10:11:47,532061,1740.6
1233,2021-11-22 11:11:57,532062,1772.0
1234,2021-11-23 12:11:30,532062,1564.8
1235,2021-11-23 12:11:59,532062,2112.0
1236,2021-11-22 10:11:38,532063,1635.8
1237,2021-11-23 02:11:41,532064,1614.6
1238,2021-11-23 02:11:01,532065,1829.4
1239,2021-11-23 05:11:35,532066,1524.2
1240,2021-11-23 05:11:37,532066,1697.0
1241,2021-11-23 06:11:43,532066,1713.8
1242,2021-11-23 01:11:10,532068,1976.8
1243,2021-11-23 07:11:56,532068,1632.2
1244,2021-11-23 10:11:43,532068,1700.6
1245,2021-11-23 01:11:46,532069,1724.6
1246,2021-11-23 02:11:17,532070,1680.8
1247,2021-11-23 04:11:21,532073,1647.6
1248,2021-11-23 04:11:50,532073,1785.4
1249,2021-11-23 04:11:58,532073,1862.4
1250,2021-11-23 05:11:17,532074,1846.4
1251,2021-11-23 05:11:19,532074,1923.8
1252,2021-11-23 05:11:08,532075,1610.2
1253,2021-11-23 06:11:46,532078,1688.2
1254,2021-11-23 08:11:20,532078,1726.4
1255,2021-11-23 08:11:14,532079,1680.6
1256,2021-11-23 11:11:51,532080,1648.0
1257,2021-11-24 04:11:45,532088,1628.8
1258,2021-11-24 06:11:09,532089,1775.8
1259,2021-11-24 06:11:36,532089,1924.6
1260,2021-11-24 06:11:39,532089,1619.2
1261,2021-11-24 07:11:42,532089,1718.8
1262,2021-11-24 08:11:47,532091,1659.2
1263,2021-11-24 11:11:42,532092,1562.2
1264,2021-11-24 12:11:12,532093,1850.2
1265,2021-11-24 12:11:20,532093,1625.4
1266,2021-11-24 01:11:45,532094,1657.0
1267,2021-11-24 01:11:25,532095,1696.8
1268,2021-11-24 02:11:04,532095,1834.6
1269,2021-11-24 03:11:58,532095,1589.6
1270,2021-11-24 06:11:46,532097,1859.6
1271,2021-11-24 06:11:06,532098,1900.2
1272,2021-11-24 10:11:40,532100,1691.4
1273,2021-11-24 09:11:52,532101,1950.4
1274,2021-11-24 09:11:05,532102,1958.6
1275,2021-11-24 10:11:46,532103,1833.8
1276,2021-11-25 12:11:00,532105,1717.0
1277,2021-11-25 12:11:24,532106,1909.6
1278,2021-11-25 12:11:44,532106,1726.2
1279,2021-11-25 02:11:49,532109,1636.4
1280,2021-11-25 04:11:04,532109,1724.0
1281,2021-11-25 04:11:09,532109,1910.0
1282,2021-11-25 07:11:08,532109,1796.6
1283,2021-11-25 07:11:58,532109,1857.4
1284,2021-11-25 10:11:17,532110,1719.6
1285,2021-11-25 01:11:19,532112,1556.0
1286,2021-11-25 02:11:35,532113,1659.2
1287,2021-11-25 03:11:12,532113,1674.8
1288,2021-11-25 03:11:13,532113,1740.2
1289,2021-11-25 03:11:25,532114,1840.2
1290,2021-11-25 03:11:25,532114,1638.4
1291,2021-11-25 04:11:51,532114,1688.0
1292,2021-11-25 06:11:21,532115,1806.4
1293,2021-11-25 06:11:20,532116,1629.0
1294,2021-11-25 11:11:22,532119,1636.8
1295,2021-11-25 11:11:22,532119,1690.8
1296,2021-11-26 02:11:17,532119,1898.0
1297,2021-11-26 04:11:20,532120,1719.6
1298,2021-11-26 06:11:54,532122,1964.2
1299,2021-11-26 06:11:18,532124,1606.0
1300,2021-11-26 08:11:55,532124,1979.8
1301,2021-11-26 09:11:24,532124,1823.0
1302,2021-11-26 09:11:38,532124,1730.0
1303,2021-11-26 11:11:37,532124,1810.0
1304,2021-11-26 11:11:46,532124,1682.6
1305,2021-11-26 10:11:37,532125,1814.8
1306,2021-11-26 12:11:38,532125,2021.6
1307,2021-11-26 01:11:20,532127,1812.4
1308,2021-11-26 02:11:24,532127,1681.4
1309,2021-11-26 02:11:42,532127,1830.0
1310,2021-11-26 02:11:48,532127,1692.4
1311,2021-11-26 03:11:11,532127,1738.2
1312,2021-11-26 03:11:20,532127,1909.0
1313,2021-11-26 04:11:21,532129,1860.8
1314,2021-11-26 04:11:59,532129,1671.0
1315,2021-11-26 05:11:16,532130,1669.4
1316,2021-11-26 05:11:24,532130,1736.2
1317,2021-11-26 07:11:05,532131,1598.0
1318,2021-11-26 07:11:43,532131,1502.6
1319,2021-11-26 11:11:25,532135,1976.0
1320,2021-11-26 11:11:49,532135,1871.4
1321,2021-11-27 04:11:10,532139,1694.0
1322,2021-11-27 04:11:44,532139,1837.2
1323,2021-11-27 06:11:09,532139,1532.2
1324,2021-11-28 05:11:01,532139,1779.0
1325,2021-11-28 03:11:40,532140,1577.0
1326,2021-11-29 05:11:57,532140,1696.8
1327,2021-11-29 07:11:21,532141,1959.6
1328,2021-11-29 01:11:10,532142,2096.6
1329,2021-11-29 01:11:32,532142,1829.0
1330,2021-11-29 03:11:22,532142,1781.8
1331,2021-11-29 04:11:04,532142,1860.2
1332,2021-11-29 04:11:42,532142,1664.2
1333,2021-11-29 04:11:58,532142,1836.4
1334,2021-11-29 05:11:04,532142,1748.0
1335,2021-11-29 05:11:40,532142,1613.8
1336,2021-11-29 06:11:37,532142,1573.4
1337,2021-11-29 08:11:54,532142,1738.0
1338,2021-11-30 01:11:55,532142,1753.0
1339,2021-11-29 06:11:08,532143,1785.0
1340,2021-11-29 06:11:24,532143,1835.6
1341,2021-11-29 10:11:53,532147,1831.2
1342,2021-11-29 11:11:14,532149,1919.8
1343,2021-11-30 01:11:24,532149,1956.8
1344,2021-11-30 02:11:11,532149,1818.8
1345,2021-11-30 03:11:42,532149,1635.2
1346,2021-11-30 04:11:00,532149,1828.6
1347,2021-11-30 05:11:55,532149,1723.0
1348,2021-11-30 07:11:11,532150,1734.6
1349,2021-11-30 08:11:46,532151,1757.0
1350,2021-11-30 11:11:24,532152,1759.4
1351,2021-11-30 11:11:26,532152,1730.0
1352,2021-11-30 12:11:33,532152,1882.0
1353,2021-11-30 01:11:37,532155,2008.0
1354,2021-11-30 02:11:14,532155,1733.2
1355,2021-11-30 03:11:02,532156,1800.0
1356,2021-11-30 06:11:01,532158,1630.4
1357,2021-11-30 07:11:52,532158,1614.2
1358,2021-11-30 07:11:28,532159,1901.8
1359,2021-11-30 10:11:05,532159,1707.2
1360,2021-11-30 10:11:29,532160,1664.6
1361,2021-11-30 10:11:38,532160,1843.6
1362,2021-11-30 11:11:12,532161,1716.6
1363,2021-11-30 11:11:24,532164,1724.0
1364,2021-11-30 11:11:48,532164,1543.0
1365,2021-12-01 05:12:14,532165,1734.8
1366,2021-12-01 12:12:31,532165,1823.2
1367,2021-12-01 02:12:09,532168,1791.6
1368,2021-12-01 02:12:29,532168,1633.8
1369,2021-12-01 02:12:57,532168,1677.0
1370,2021-12-01 06:12:58,532174,1757.4
1371,2021-12-01 07:12:46,532174,1880.4
1372,2021-12-01 07:12:47,532174,1646.0
1373,2021-12-01 08:12:41,532175,1852.4
1374,2021-12-01 01:12:57,532176,1751.6
1375,2021-12-01 08:12:10,532176,1634.4
1376,2021-12-01 11:12:29,532176,1876.4
1377,2021-12-01 11:12:54,532176,1666.4
1378,2021-12-01 05:12:55,532179,1612.4
1379,2021-12-01 09:12:15,532179,1637.0
1380,2021-12-01 10:12:16,532182,1667.2
1381,2021-12-02 12:12:11,532182,1478.2
1382,2021-12-02 01:12:17,532184,1911.0
1383,2021-12-02 01:12:49,532188,1678.0
1384,2021-12-02 02:12:16,532188,1689.0
1385,2021-12-02 07:12:02,532191,1730.2
1386,2021-12-02 07:12:58,532191,1928.0
1387,2021-12-02 10:12:08,532191,1957.2
1388,2021-12-02 02:12:56,532193,1862.2
1389,2021-12-02 03:12:51,532193,1841.0
1390,2021-12-02 03:12:48,532194,1730.6
1391,2021-12-02 07:12:17,532196,1728.0
1392,2021-12-02 09:12:58,532198,1774.8
1393,2021-12-02 11:12:15,532198,1572.8
1394,2021-12-02 11:12:55,532198,1773.8
1395,2021-12-03 12:12:26,532199,1715.4
1396,2021-12-03 03:12:42,532201,1996.2
1397,2021-12-03 07:12:14,532202,1710.6
1398,2021-12-03 09:12:21,532202,1742.4
1399,2021-12-03 10:12:17,532202,2042.2
1400,2021-12-03 10:12:20,532202,1858.0
1401,2021-12-03 10:12:23,532202,1799.4
1402,2021-12-03 11:12:18,532202,1696.6
1403,2021-12-03 11:12:30,532202,1729.6
1404,2021-12-03 01:12:04,532204,1562.6
1405,2021-12-03 04:12:10,532205,1936.8
1406,2021-12-03 05:12:30,532205,1813.6
1407,2021-12-03 08:12:13,532206,1772.0
1408,2021-12-03 11:12:11,532208,1915.0
1409,2021-12-04 12:12:06,532209,1875.6
1410,2021-12-04 12:12:21,532211,1878.6
1411,2021-12-04 12:12:56,532211,1791.6
1412,2021-12-04 02:12:20,532213,1760.4
1413,2021-12-04 06:12:54,532213,1710.4
1414,2021-12-04 10:12:30,532213,1578.4
1415,2021-12-04 11:12:23,532214,1758.2
1416,2021-12-05 05:12:51,532215,1785.0
1417,2021-12-05 08:12:33,532215,1626.8
1418,2021-12-05 09:12:56,532215,1971.4
1419,2021-12-06 05:12:13,532219,1826.2
1420,2021-12-06 05:12:50,532219,1975.2
1421,2021-12-06 06:12:18,532219,1955.4
1422,2021-12-06 06:12:22,532219,1780.6
1423,2021-12-06 06:12:51,532219,1651.0
1424,2021-12-06 07:12:29,532222,1792.2
1425,2021-12-06 08:12:23,532223,1750.6
1426,2021-12-06 08:12:45,532223,1799.8
1427,2021-12-06 08:12:11,532224,1849.8
1428,2021-12-06 08:12:11,532224,1855.2
1429,2021-12-07 12:12:59,532226,1867.4
1430,2021-12-07 12:12:31,532227,1813.0
1431,2021-12-07 05:12:05,532232,1698.4
1432,2021-12-07 07:12:41,532234,1716.0
1433,2021-12-07 01:12:53,532235,1826.0
1434,2021-12-07 02:12:51,532236,1680.2
1435,2021-12-07 04:12:56,532236,1823.8
1436,2021-12-07 03:12:19,532237,1746.4
1437,2021-12-07 03:12:56,532237,1772.8
1438,2021-12-07 04:12:29,532240,1555.4
1439,2021-12-07 06:12:32,532243,1904.8
1440,2021-12-07 10:12:15,532246,1636.4
1441,2021-12-07 11:12:40,532246,1937.4
1442,2021-12-07 11:12:45,532247,1767.8
1443,2021-12-08 06:12:28,532247,1683.8
1444,2021-12-08 08:12:13,532247,1874.4
1445,2021-12-08 08:12:22,532247,1545.0
1446,2021-12-08 08:12:37,532247,1790.6
1447,2021-12-08 09:12:02,532247,1794.4
1448,2021-12-08 09:12:20,532247,1729.4
1449,2021-12-08 10:12:04,532247,1818.0
1450,2021-12-08 10:12:14,532247,2058.2
1451,2021-12-08 10:12:37,532247,1755.4
1452,2021-12-08 10:12:58,532247,1787.4
1453,2021-12-08 12:12:07,532248,1684.2
1454,2021-12-08 03:12:41,532249,1819.0
1455,2021-12-08 04:12:11,532251,1684.0
1456,2021-12-08 04:12:27,532251,1528.0
1457,2021-12-08 04:12:27,532251,1698.4
1458,2021-12-08 05:12:23,532251,1805.0
1459,2021-12-08 06:12:42,532253,1568.6
1460,2021-12-08 07:12:21,532254,1532.2
1461,2021-12-08 07:12:35,532254,1598.0
1462,2021-12-08 10:12:12,532256,1628.2
1463,2021-12-08 11:12:33,532256,1634.8
1464,2021-12-09 03:12:31,532258,2013.0
1465,2021-12-09 07:12:11,532261,1832.8
1466,2021-12-09 07:12:32,532261,1758.0
1467,2021-12-09 07:12:32,532261,1745.6
1468,2021-12-09 08:12:28,532261,1709.8
1469,2021-12-09 08:12:29,532261,1685.0
1470,2021-12-09 10:12:15,532261,1750.8
1471,2021-12-09 01:12:01,532262,1876.8
1472,2021-12-09 01:12:23,532262,1831.2
1473,2021-12-09 01:12:59,532262,1776.8
1474,2021-12-09 02:12:15,532262,1642.2
1475,2021-12-09 02:12:19,532262,1967.0
1476,2021-12-09 11:12:48,532262,1858.0
1477,2021-12-09 12:12:29,532262,1757.4
1478,2021-12-09 02:12:26,532263,1693.0
1479,2021-12-09 04:12:11,532267,1897.8
1480,2021-12-09 06:12:19,532269,1640.0
1481,2021-12-09 06:12:40,532269,1471.6
1482,2021-12-09 11:12:19,532272,1733.6
1483,2021-12-10 05:12:02,532275,1822.6
1484,2021-12-10 06:12:58,532275,1759.6
1485,2021-12-10 09:12:58,532277,1937.6
1486,2021-12-10 10:12:30,532277,1696.4
1487,2021-12-10 01:12:17,532278,1769.4
1488,2021-12-10 01:12:35,532278,1593.8
1489,2021-12-10 01:12:38,532278,1779.8
1490,2021-12-10 01:12:19,532279,1653.0
1491,2021-12-10 04:12:02,532280,1716.2
1492,2021-12-10 07:12:50,532282,1565.4
1493,2021-12-10 08:12:47,532283,1723.6
1494,2021-12-10 10:12:09,532285,1642.6
1495,2021-12-11 12:12:20,532285,1784.2
1496,2021-12-11 02:12:13,532286,1775.2
1497,2021-12-11 11:12:15,532287,1744.8
1498,2021-12-12 04:12:22,532288,1949.4
1499,2021-12-13 07:12:05,532289,1633.2
1500,2021-12-13 09:12:39,532289,1570.4
1501,2021-12-13 12:12:04,532290,1606.6
1502,2021-12-13 01:12:12,532291,1693.2
1503,2021-12-13 01:12:50,532291,1705.8
1504,2021-12-13 02:12:20,532292,1785.4
1505,2021-12-13 03:12:34,532293,1720.0
1506,2021-12-13 08:12:42,532293,1661.6
1507,2021-12-13 08:12:18,532294,1775.0
1508,2021-12-13 09:12:16,532294,1690.6
1509,2021-12-13 10:12:05,532294,1866.8
1510,2021-12-13 10:12:21,532294,1593.6
1511,2021-12-13 10:12:23,532294,1963.4
1512,2021-12-14 02:12:01,532298,1766.0
1513,2021-12-14 06:12:54,532298,1633.8
1514,2021-12-14 06:12:58,532298,1693.2
1515,2021-12-14 10:12:04,532301,1554.0
1516,2021-12-14 11:12:02,532301,1744.0
1517,2021-12-14 11:12:32,532301,1594.4
1518,2021-12-14 12:12:15,532301,1875.2
1519,2021-12-14 12:12:18,532301,1658.4
1520,2021-12-14 02:12:43,532303,1750.8
1521,2021-12-14 03:12:04,532303,1890.4
1522,2021-12-14 03:12:50,532303,1840.4
1523,2021-12-14 03:12:57,532303,1695.4
1524,2021-12-14 03:12:09,532305,1638.2
1525,2021-12-14 04:12:11,532305,1802.2
1526,2021-12-14 05:12:25,532307,1922.8
1527,2021-12-14 05:12:28,532307,1848.4
1528,2021-12-14 05:12:03,532308,1858.6
1529,2021-12-14 05:12:07,532309,1539.8
1530,2021-12-14 05:12:51,532309,1622.2
1531,2021-12-14 06:12:13,532313,1676.2
1532,2021-12-14 07:12:57,532313,1717.6
1533,2021-12-14 09:12:55,532314,1931.6
1534,2021-12-14 10:12:43,532314,1713.8
1535,2021-12-14 10:12:55,532314,1612.6
1536,2021-12-14 11:12:16,532314,1779.4
1537,2021-12-14 11:12:47,532314,1655.2
1538,2021-12-15 03:12:19,532315,1942.6
1539,2021-12-15 05:12:06,532317,1772.4
1540,2021-12-15 05:12:19,532317,1843.4
1541,2021-12-15 01:12:54,532318,1900.4
1542,2021-12-15 06:12:34,532318,1712.6
1543,2021-12-15 08:12:03,532318,1942.4
1544,2021-12-15 08:12:56,532318,1747.4
1545,2021-12-15 10:12:33,532318,1835.2
1546,2021-12-15 12:12:17,532318,1677.8
1547,2021-12-15 12:12:20,532318,1720.0
1548,2021-12-15 12:12:24,532318,1878.2
1549,2021-12-15 12:12:30,532318,1836.8
1550,2021-12-15 01:12:59,532319,1699.8
1551,2021-12-15 02:12:32,532319,1717.4
1552,2021-12-15 02:12:16,532320,1890.0
1553,2021-12-15 04:12:02,532324,1682.4
1554,2021-12-15 04:12:15,532324,1594.6
1555,2021-12-15 04:12:16,532324,1679.0
1556,2021-12-15 04:12:26,532324,1817.0
1557,2021-12-15 04:12:35,532324,1909.8
1558,2021-12-15 05:12:36,532325,2027.4
1559,2021-12-15 07:12:01,532325,1777.8
1560,2021-12-15 09:12:11,532326,1848.2
1561,2021-12-15 10:12:31,532330,1689.0
1562,2021-12-16 01:12:35,532334,1574.6
1563,2021-12-16 09:12:16,532335,1924.2
1564,2021-12-16 10:12:04,532336,1709.0
1565,2021-12-16 10:12:22,532336,1770.6
1566,2021-12-16 12:12:22,532336,1760.4
1567,2021-12-16 12:12:30,532337,1757.4
1568,2021-12-16 01:12:37,532339,1740.6
1569,2021-12-16 03:12:04,532343,1738.4
1570,2021-12-16 03:12:14,532344,1883.0
1571,2021-12-16 03:12:19,532344,1797.2
1572,2021-12-16 06:12:12,532349,1889.4
1573,2021-12-16 06:12:17,532349,1601.2
1574,2021-12-16 07:12:46,532353,1750.4
1575,2021-12-16 08:12:50,532354,1737.2
1576,2021-12-17 06:12:07,532361,1975.0
1577,2021-12-17 06:12:21,532361,1774.8
1578,2021-12-17 08:12:51,532362,1657.2
1579,2021-12-17 10:12:26,532362,1759.6
1580,2021-12-17 10:12:28,532362,1649.6
1581,2021-12-17 12:12:20,532362,1641.6
1582,2021-12-17 01:12:03,532363,1710.2
1583,2021-12-17 01:12:37,532363,1787.6
1584,2021-12-17 01:12:43,532363,1805.6
1585,2021-12-17 01:12:59,532363,1690.0
1586,2021-12-17 04:12:23,532363,1832.2
1587,2021-12-17 06:12:17,532363,1875.2
1588,2021-12-17 07:12:09,532363,1760.6
1589,2021-12-17 08:12:26,532363,1663.2
1590,2021-12-17 10:12:10,532363,1845.8
1591,2021-12-17 12:12:16,532363,1562.6
1592,2021-12-17 11:12:01,532364,1530.0
1593,2021-12-18 01:12:22,532364,1793.4
1594,2021-12-18 01:12:49,532364,1707.4
1595,2021-12-18 12:12:24,532364,1656.4
1596,2021-12-18 12:12:24,532364,1731.2
1597,2021-12-18 01:12:31,532365,1797.4
1598,2021-12-18 02:12:22,532365,1879.4
1599,2021-12-18 03:12:51,532365,1657.0
1600,2021-12-18 07:12:20,532366,1725.8
1601,2021-12-18 08:12:50,532366,1677.2
1602,2021-12-19 04:12:56,532366,1679.6
1603,2021-12-20 04:12:15,532367,1643.4
1604,2021-12-20 04:12:25,532367,1680.4
1605,2021-12-20 08:12:17,532367,1679.4
1606,2021-12-20 01:12:51,532368,1756.0
1607,2021-12-20 02:12:54,532368,1658.0
1608,2021-12-20 12:12:21,532368,1786.6
1609,2021-12-20 03:12:15,532369,1784.6
1610,2021-12-20 03:12:40,532370,1607.6
1611,2021-12-20 03:12:40,532370,1787.6
1612,2021-12-20 04:12:15,532370,1881.0
1613,2021-12-20 04:12:33,532370,1804.4
1614,2021-12-20 05:12:45,532371,1814.0
1615,2021-12-20 07:12:47,532372,1866.4
1616,2021-12-21 06:12:02,532372,1761.8
1617,2021-12-21 11:12:51,532372,1641.2
1618,2021-12-20 08:12:25,532376,1682.8
1619,2021-12-20 09:12:23,532376,1681.6
1620,2021-12-20 09:12:59,532376,1679.8
1621,2021-12-21 03:12:02,532377,1680.6
1622,2021-12-21 07:12:39,532378,1642.2
1623,2021-12-21 08:12:46,532380,1693.6
1624,2021-12-21 11:12:58,532380,1911.8
1625,2021-12-21 01:12:13,532381,1794.4
1626,2021-12-21 01:12:40,532381,1652.6
1627,2021-12-21 01:12:51,532381,1775.8
1628,2021-12-21 02:12:25,532384,1774.0
1629,2021-12-21 03:12:40,532386,1885.4
1630,2021-12-21 04:12:31,532389,1768.6
1631,2021-12-21 06:12:11,532389,1761.4
1632,2021-12-21 06:12:54,532389,1692.2
1633,2021-12-21 06:12:49,532390,1725.2
1634,2021-12-21 08:12:41,532390,1529.4
1635,2021-12-21 10:12:08,532397,1827.4
1636,2021-12-21 11:12:30,532398,1543.2
1637,2021-12-21 11:12:53,532398,1732.0
1638,2021-12-22 05:12:36,532398,1845.8
1639,2021-12-22 05:12:43,532398,1709.6
1640,2021-12-22 05:12:59,532398,1867.8
1641,2021-12-22 06:12:20,532398,1722.0
1642,2021-12-22 10:12:04,532398,1676.4
1643,2021-12-22 10:12:31,532398,1656.2
1644,2021-12-22 11:12:18,532398,1599.4
1645,2021-12-22 11:12:57,532398,1795.4
1646,2021-12-22 06:12:56,532405,1797.6
1647,2021-12-22 09:12:07,532406,1877.0
1648,2021-12-22 09:12:35,532406,1680.6
1649,2021-12-22 09:12:45,532406,1698.4
1650,2021-12-22 09:12:51,532406,1750.0
1651,2021-12-23 06:12:03,532406,1514.6
1652,2021-12-23 06:12:04,532406,1527.6
1653,2021-12-23 06:12:22,532406,1791.0
1654,2021-12-23 07:12:56,532406,1687.2
1655,2021-12-22 09:12:18,532407,1520.0
1656,2021-12-22 09:12:57,532407,1900.6
1657,2021-12-22 10:12:22,532407,1776.4
1658,2021-12-22 11:12:11,532408,1650.0
1659,2021-12-22 11:12:36,532408,1798.8
1660,2021-12-22 11:12:52,532408,1567.2
1661,2021-12-23 12:12:09,532408,2122.0
1662,2021-12-23 04:12:59,532409,1788.2
1663,2021-12-23 07:12:42,532411,1683.6
1664,2021-12-23 08:12:58,532411,1610.2
1665,2021-12-23 10:12:40,532411,1993.0
1666,2021-12-23 01:12:03,532412,1589.2
1667,2021-12-23 11:12:02,532412,1644.4
1668,2021-12-23 12:12:20,532412,1872.2
1669,2021-12-23 12:12:34,532412,1863.4
1670,2021-12-23 12:12:39,532412,1855.0
1671,2021-12-23 12:12:52,532412,1734.0
1672,2021-12-23 12:12:54,532412,1848.4
1673,2021-12-23 02:12:06,532414,1661.6
1674,2021-12-23 04:12:02,532416,1588.2
1675,2021-12-23 08:12:11,532421,1755.2
1676,2021-12-23 08:12:20,532421,1683.0
1677,2021-12-24 02:12:03,532421,1842.4
1678,2021-12-24 05:12:08,532422,1624.6
1679,2021-12-24 05:12:42,532422,1564.0
1680,2021-12-24 05:12:58,532422,1824.4
1681,2021-12-24 06:12:13,532422,1650.6
1682,2021-12-24 06:12:14,532422,1739.6
1683,2021-12-24 06:12:56,532422,1832.6
1684,2021-12-24 10:12:10,532423,1618.0
1685,2021-12-24 10:12:34,532423,1951.2
1686,2021-12-24 11:12:15,532423,1793.2
1687,2021-12-24 01:12:06,532424,1677.0
1688,2021-12-24 12:12:13,532424,1604.8
1689,2021-12-24 12:12:43,532424,1470.8
1690,2021-12-24 02:12:56,532425,1783.6
1691,2021-12-27 09:12:19,532430,1719.4
1692,2021-12-27 11:12:18,532430,1880.2
1693,2021-12-27 02:12:22,532434,1729.0
1694,2021-12-28 02:12:55,532436,1684.4
1695,2021-12-28 06:12:26,532436,1740.2
1696,2021-12-28 09:12:44,532436,1609.0
1697,2021-12-28 11:12:10,532436,1795.2
1698,2021-12-28 03:12:06,532437,1991.6
1699,2021-12-28 03:12:12,532437,1809.2
1700,2021-12-28 04:12:29,532437,1858.8
1701,2021-12-28 04:12:36,532437,1829.8
1702,2021-12-28 04:12:49,532437,1964.8
1703,2021-12-28 05:12:29,532437,1752.2
1704,2021-12-29 05:12:33,532438,1591.0
1705,2021-12-29 06:12:55,532438,1745.4
1706,2021-12-29 02:12:22,532440,1657.2
1707,2021-12-29 03:12:54,532440,1520.8
1708,2021-12-30 05:12:00,532445,1667.2
1709,2021-12-30 06:12:35,532445,1828.8
1710,2021-12-31 01:12:03,532446,1568.8
1711,2021-12-31 06:12:20,532447,1797.2
1712,2021-12-31 07:12:59,532448,2002.4
1713,2021-12-31 09:12:22,532449,1761.4
1714,2021-12-31 10:12:08,532449,1866.0
1715,2022-01-01 12:01:23,532449,1876.6
1716,2022-01-02 04:01:58,532449,1767.2
1717,2022-01-03 05:01:18,532449,1510.0
1718,2022-01-03 05:01:19,532449,1745.8
1719,2022-01-03 07:01:43,532452,1746.8
1720,2022-01-03 11:01:52,532453,1700.6
1721,2022-01-03 11:01:55,532453,1673.6
1722,2022-01-03 12:01:27,532454,2078.4
1723,2022-01-03 01:01:24,532455,1814.2
1724,2022-01-03 01:01:32,532455,1655.2
1725,2022-01-03 03:01:07,532455,1790.8
1726,2022-01-03 03:01:29,532455,1748.8
1727,2022-01-03 05:01:25,532456,1798.2
1728,2022-01-04 07:01:20,532459,1683.2
1729,2022-01-04 07:01:44,532459,1796.8
1730,2022-01-04 07:01:08,532462,1723.8
1731,2022-01-04 10:01:07,532462,1672.0
1732,2022-01-04 11:01:57,532462,1822.4
1733,2022-01-04 11:01:58,532462,1918.0
1734,2022-01-04 03:01:24,532465,1823.6
1735,2022-01-04 03:01:46,532465,1560.8
1736,2022-01-04 03:01:09,532467,1653.2
1737,2022-01-04 04:01:43,532467,1928.4
1738,2022-01-04 05:01:29,532468,1701.0
1739,2022-01-04 05:01:47,532469,1814.0
1740,2022-01-04 07:01:10,532469,1755.4
1741,2022-01-04 07:01:20,532469,1731.6
1742,2022-01-05 03:01:16,532474,1693.4
1743,2022-01-05 04:01:02,532474,1622.2
1744,2022-01-05 05:01:48,532474,1674.4
1745,2022-01-05 05:01:07,532475,1845.2
1746,2022-01-05 05:01:53,532476,1827.4
1747,2022-01-05 06:01:35,532476,1740.6
1748,2022-01-05 06:01:54,532476,1808.4
1749,2022-01-05 08:01:02,532477,1789.8
1750,2022-01-05 01:01:22,532478,1873.6
1751,2022-01-05 01:01:26,532478,1896.6
1752,2022-01-05 01:01:33,532478,1851.8
1753,2022-01-05 08:01:56,532478,1836.0
1754,2022-01-05 09:01:08,532478,1577.8
1755,2022-01-05 11:01:25,532478,1732.6
1756,2022-01-05 11:01:47,532478,1853.4
1757,2022-01-05 12:01:14,532478,1727.6
1758,2022-01-05 12:01:43,532478,1644.0
1759,2022-01-05 02:01:58,532479,1709.8
1760,2022-01-05 04:01:33,532483,1700.0
1761,2022-01-05 07:01:18,532483,1835.2
1762,2022-01-05 07:01:53,532487,1688.2
1763,2022-01-05 09:01:25,532489,1764.4
1764,2022-01-06 01:01:19,532490,1844.2
1765,2022-01-06 06:01:10,532493,1778.8
1766,2022-01-06 10:01:20,532493,1814.2
1767,2022-01-06 11:01:53,532493,1899.4
1768,2022-01-06 11:01:57,532493,1724.0
1769,2022-01-06 12:01:46,532493,1640.4
1770,2022-01-06 01:01:12,532494,1809.4
1771,2022-01-06 01:01:21,532495,1901.0
1772,2022-01-06 01:01:22,532495,1924.8
1773,2022-01-06 05:01:28,532495,1680.2
1774,2022-01-06 05:01:42,532495,1742.4
1775,2022-01-06 09:01:48,532495,1831.0
1776,2022-01-06 09:01:56,532495,1661.0
1777,2022-01-06 10:01:38,532495,1842.2
1778,2022-01-07 03:01:51,532495,1852.4
1779,2022-01-07 05:01:00,532495,1799.2
1780,2022-01-07 05:01:02,532495,1713.6
1781,2022-01-07 06:01:58,532495,1902.0
1782,2022-01-07 10:01:40,532496,1715.4
1783,2022-01-07 01:01:07,532497,1840.2
1784,2022-01-07 11:01:17,532497,1828.8
1785,2022-01-07 02:01:26,532498,1653.6
1786,2022-01-07 02:01:33,532499,1870.0
1787,2022-01-07 04:01:52,532503,1837.6
1788,2022-01-07 05:01:09,532504,1762.4
1789,2022-01-08 06:01:55,532506,1796.6
1790,2022-01-08 12:01:34,532506,1810.2
1791,2022-01-09 04:01:57,532506,1822.2
1792,2022-01-10 05:01:16,532508,1723.6
1793,2022-01-10 10:01:49,532510,1776.0
1794,2022-01-10 12:01:23,532511,2178.8
1795,2022-01-10 01:01:28,532513,1704.2
1796,2022-01-10 01:01:54,532513,1710.2
1797,2022-01-10 02:01:20,532515,1821.4
1798,2022-01-10 02:01:41,532516,1523.4
1799,2022-01-10 04:01:51,532517,1798.8
1800,2022-01-10 04:01:20,532518,1733.6
1801,2022-01-10 04:01:45,532518,1549.0
1802,2022-01-10 05:01:59,532519,1701.6
1803,2022-01-10 07:01:09,532520,1677.2
1804,2022-01-10 09:01:24,532521,1821.8
1805,2022-01-10 09:01:26,532521,1800.6
1806,2022-01-10 10:01:48,532523,1837.2
1807,2022-01-10 10:01:38,532524,1696.8
1808,2022-01-11 02:01:35,532525,1630.0
1809,2022-01-11 12:01:52,532525,1629.0
1810,2022-01-11 05:01:13,532526,1851.4
1811,2022-01-11 06:01:20,532527,1710.0
1812,2022-01-11 06:01:46,532527,1732.8
1813,2022-01-11 06:01:51,532527,1861.6
1814,2022-01-11 01:01:12,532528,1577.6
1815,2022-01-11 10:01:26,532528,1649.6
1816,2022-01-11 10:01:35,532528,1899.2
1817,2022-01-11 11:01:42,532528,1615.2
1818,2022-01-11 12:01:06,532528,1753.0
1819,2022-01-11 12:01:26,532528,1693.6
1820,2022-01-11 12:01:37,532528,1635.0
1821,2022-01-11 12:01:40,532528,1514.4
1822,2022-01-11 12:01:41,532528,1903.6
1823,2022-01-11 12:01:56,532528,1856.6
1824,2022-01-11 01:01:27,532530,1791.6
1825,2022-01-11 08:01:13,532537,1696.2
1826,2022-01-11 09:01:19,532537,1697.0
1827,2022-01-11 09:01:21,532537,1797.0
1828,2022-01-11 11:01:01,532538,1776.2
1829,2022-01-12 01:01:41,532541,1668.0
1830,2022-01-12 05:01:23,532541,1669.8
1831,2022-01-12 05:01:45,532541,1842.0
1832,2022-01-12 06:01:00,532541,1581.0
1833,2022-01-12 08:01:59,532542,1801.6
1834,2022-01-12 09:01:32,532542,1606.0
1835,2022-01-12 12:01:19,532543,1723.6
1836,2022-01-12 01:01:47,532544,1940.4
1837,2022-01-12 03:01:41,532546,1892.4
1838,2022-01-12 03:01:49,532548,1756.4
1839,2022-01-12 04:01:04,532552,1647.4
1840,2022-01-12 05:01:13,532553,1804.0
1841,2022-01-12 05:01:40,532554,1694.6
1842,2022-01-12 07:01:12,532555,1776.0
1843,2022-01-12 07:01:23,532555,1717.6
1844,2022-01-12 09:01:01,532557,1832.6
1845,2022-01-12 09:01:29,532557,1651.0
1846,2022-01-12 10:01:21,532557,1829.2
1847,2022-01-12 11:01:37,532558,1872.0
1848,2022-01-13 05:01:39,532561,1906.0
1849,2022-01-13 06:01:27,532561,1744.4
1850,2022-01-13 06:01:27,532561,1566.2
1851,2022-01-13 09:01:04,532561,1785.4
1852,2022-01-13 11:01:09,532561,1593.4
1853,2022-01-13 11:01:22,532561,1789.6
1854,2022-01-13 12:01:16,532563,1811.4
1855,2022-01-13 04:01:41,532571,1636.2
1856,2022-01-13 05:01:55,532571,1649.8
1857,2022-01-13 05:01:26,532572,1758.6
1858,2022-01-13 05:01:16,532574,1730.8
1859,2022-01-13 09:01:30,532580,1671.6
1860,2022-01-13 10:01:14,532583,1673.4
1861,2022-01-13 11:01:12,532584,1684.0
1862,2022-01-14 02:01:24,532587,1907.4
1863,2022-01-14 10:01:07,532587,1619.8
1864,2022-01-14 01:01:14,532589,1741.8
1865,2022-01-14 04:01:06,532589,1789.2
1866,2022-01-14 04:01:52,532589,1615.0
1867,2022-01-14 07:01:02,532589,2022.4
1868,2022-01-14 08:01:04,532589,1736.8
1869,2022-01-14 09:01:55,532589,1854.4
1870,2022-01-14 12:01:06,532589,2027.4
1871,2022-01-14 11:01:17,532590,1656.4
1872,2022-01-15 01:01:40,532591,1818.8
1873,2022-01-15 02:01:09,532591,1763.8
1874,2022-01-15 03:01:43,532591,1719.8
1875,2022-01-15 10:01:54,532591,1533.6
1876,2022-01-16 04:01:13,532591,1813.0
1877,2022-01-16 09:01:45,532591,1744.2
1878,2022-01-17 03:01:33,532591,1638.4
1879,2022-01-17 05:01:31,532591,1842.6
1880,2022-01-17 06:01:09,532593,1748.0
1881,2022-01-17 06:01:17,532593,1751.4
1882,2022-01-17 10:01:01,532593,1998.8
1883,2022-01-17 12:01:03,532594,1758.6
1884,2022-01-17 12:01:40,532594,1859.2
1885,2022-01-17 04:01:54,532596,1942.4
1886,2022-01-17 05:01:18,532596,1869.4
1887,2022-01-17 05:01:09,532599,1677.2
1888,2022-01-17 05:01:30,532599,1798.6
1889,2022-01-17 05:01:52,532599,1704.6
1890,2022-01-17 06:01:02,532599,1777.8
1891,2022-01-17 06:01:51,532601,1914.2
1892,2022-01-17 06:01:52,532601,1944.0
1893,2022-01-17 07:01:01,532601,1587.4
1894,2022-01-17 07:01:12,532601,1797.8
1895,2022-01-17 07:01:20,532601,1792.4
1896,2022-01-17 08:01:05,532601,1900.0
1897,2022-01-17 08:01:32,532601,1616.0
1898,2022-01-17 08:01:42,532601,1634.0
1899,2022-01-17 09:01:22,532602,1763.6
1900,2022-01-17 10:01:50,532603,1808.4
1901,2022-01-18 05:01:37,532607,1720.0
1902,2022-01-18 06:01:29,532607,1805.6
1903,2022-01-18 06:01:48,532607,1654.6
1904,2022-01-18 06:01:34,532608,1767.2
1905,2022-01-18 07:01:40,532609,1821.2
1906,2022-01-18 09:01:43,532615,1653.2
1907,2022-01-18 11:01:03,532616,1797.4
1908,2022-01-18 11:01:28,532616,1781.6
1909,2022-01-18 12:01:26,532616,1809.2
1910,2022-01-18 12:01:26,532617,1700.8
1911,2022-01-18 05:01:57,532620,1722.0
1912,2022-01-18 05:01:55,532622,1605.4
1913,2022-01-18 08:01:52,532624,1714.0
1914,2022-01-18 09:01:12,532624,1648.4
1915,2022-01-18 09:01:40,532624,1659.4
1916,2022-01-18 09:01:04,532625,1619.4
1917,2022-01-18 10:01:48,532625,1805.4
1918,2022-01-18 11:01:50,532625,1814.8
1919,2022-01-19 02:01:17,532628,1670.4
1920,2022-01-19 02:01:28,532628,1777.6
1921,2022-01-19 04:01:38,532628,1778.0
1922,2022-01-19 04:01:41,532628,1767.2
1923,2022-01-19 05:01:47,532628,1694.2
1924,2022-01-19 06:01:25,532629,1778.0
1925,2022-01-19 06:01:33,532629,1577.8
1926,2022-01-19 07:01:06,532630,1833.4
1927,2022-01-19 07:01:54,532630,1604.4
1928,2022-01-19 01:01:41,532633,1938.2
1929,2022-01-19 09:01:03,532633,1639.2
1930,2022-01-19 09:01:34,532633,1699.6
1931,2022-01-19 09:01:40,532633,1762.4
1932,2022-01-19 10:01:58,532633,1718.6
1933,2022-01-19 12:01:44,532633,1659.8
1934,2022-01-19 12:01:48,532633,1638.8
1935,2022-01-19 12:01:50,532633,2052.0
1936,2022-01-19 12:01:54,532633,1878.4
1937,2022-01-19 02:01:12,532634,1743.8
1938,2022-01-19 03:01:23,532636,1826.8
1939,2022-01-19 03:01:40,532636,1964.0
1940,2022-01-19 04:01:19,532636,1687.6
1941,2022-01-19 03:01:30,532638,1783.8
1942,2022-01-19 04:01:47,532638,1918.6
1943,2022-01-19 07:01:02,532640,1799.2
1944,2022-01-19 09:01:09,532641,1920.4
1945,2022-01-20 12:01:02,532644,2202.6
1946,2022-01-20 10:01:56,532647,1871.2
1947,2022-01-20 01:01:00,532649,1705.8
1948,2022-01-20 11:01:05,532649,1647.8
1949,2022-01-20 12:01:13,532649,1700.2
1950,2022-01-20 01:01:19,532650,1792.6
1951,2022-01-20 01:01:57,532650,1843.0
1952,2022-01-20 04:01:02,532653,1859.8
1953,2022-01-20 04:01:11,532653,1599.4
1954,2022-01-20 04:01:16,532653,1801.6
1955,2022-01-20 04:01:52,532653,1831.4
1956,2022-01-20 05:01:14,532654,1707.2
1957,2022-01-20 06:01:14,532656,1961.2
1958,2022-01-20 08:01:14,532658,1883.8
1959,2022-01-20 08:01:11,532659,1631.0
1960,2022-01-20 10:01:23,532664,1622.6
1961,2022-01-20 10:01:32,532664,1801.8
1962,2022-01-20 10:01:37,532664,1874.4
1963,2022-01-20 11:01:55,532666,1688.2
1964,2022-01-21 05:01:57,532666,1654.4
1965,2022-01-21 01:01:18,532667,1742.2
1966,2022-01-21 01:01:28,532667,1730.6
1967,2022-01-21 06:01:55,532667,1653.0
1968,2022-01-21 08:01:06,532667,1668.8
1969,2022-01-21 12:01:15,532667,1985.2
1970,2022-01-21 01:01:05,532668,1687.0
1971,2022-01-21 01:01:02,532669,1810.6
1972,2022-01-21 02:01:10,532669,1821.0
1973,2022-01-21 03:01:29,532672,1849.4
1974,2022-01-21 03:01:32,532672,1805.0
1975,2022-01-21 04:01:43,532672,1619.2
1976,2022-01-21 05:01:40,532673,1816.8
1977,2022-01-21 05:01:52,532673,1700.6
1978,2022-01-21 07:01:50,532674,1750.6
1979,2022-01-21 08:01:09,532677,1773.0
1980,2022-01-21 09:01:43,532678,1519.6
1981,2022-01-21 10:01:15,532679,1773.2
1982,2022-01-22 01:01:41,532682,1911.6
1983,2022-01-22 02:01:48,532682,1807.2
1984,2022-01-22 03:01:07,532682,2020.0
1985,2022-01-22 06:01:37,532682,1987.2
1986,2022-01-23 07:01:56,532685,1703.0
1987,2022-01-24 10:01:17,532688,1944.4
1988,2022-01-24 10:01:23,532688,1850.6
1989,2022-01-24 10:01:34,532688,1848.8
1990,2022-01-24 12:01:23,532689,1685.2
1991,2022-01-24 02:01:06,532690,1655.4
1992,2022-01-24 02:01:48,532690,1627.2
1993,2022-01-24 02:01:56,532690,1757.4
1994,2022-01-24 03:01:35,532691,1859.4
1995,2022-01-24 04:01:51,532692,1849.6
1996,2022-01-24 05:01:34,532692,1755.0
1997,2022-01-24 06:01:05,532692,1642.0
1998,2022-01-24 07:01:41,532692,1693.8
1999,2022-01-24 08:01:18,532692,1925.6
2000,2022-01-24 08:01:48,532692,1730.6
2001,2022-01-24 10:01:15,532695,1958.6
2002,2022-01-25 04:01:29,532696,1732.4
2003,2022-01-25 05:01:48,532696,1805.0
2004,2022-01-25 06:01:13,532696,1634.8
2005,2022-01-25 10:01:01,532700,2014.2
2006,2022-01-25 02:01:36,532703,1795.4
2007,2022-01-25 02:01:45,532703,1676.4
2008,2022-01-25 02:01:19,532704,1846.6
2009,2022-01-25 02:01:30,532704,1678.0
2010,2022-01-25 03:01:54,532704,1825.6
2011,2022-01-25 03:01:51,532705,1886.4
2012,2022-01-25 04:01:24,532706,1696.4
2013,2022-01-25 04:01:10,532707,1921.8
2014,2022-01-25 07:01:45,532713,1958.4
2015,2022-01-25 08:01:47,532716,1820.2
2016,2022-01-25 09:01:56,532717,1667.6
2017,2022-01-25 10:01:59,532717,2000.0
2018,2022-01-26 02:01:26,532717,1729.2
2019,2022-01-26 06:01:10,532717,1616.6
2020,2022-01-26 07:01:49,532718,1806.6
2021,2022-01-26 09:01:01,532718,1675.0
2022,2022-01-26 09:01:09,532718,1597.2
2023,2022-01-26 09:01:10,532718,1707.2
2024,2022-01-26 09:01:10,532718,1626.4
2025,2022-01-26 09:01:12,532718,1806.8
2026,2022-01-26 10:01:36,532718,1821.6
2027,2022-01-26 10:01:45,532719,1701.4
2028,2022-01-26 01:01:30,532720,1642.6
2029,2022-01-26 03:01:01,532720,1728.8
2030,2022-01-26 03:01:06,532720,1796.4
2031,2022-01-26 03:01:11,532720,1569.4
2032,2022-01-26 03:01:22,532720,1753.8
2033,2022-01-26 05:01:32,532723,1666.0
2034,2022-01-26 05:01:06,532724,2021.4
2035,2022-01-26 06:01:16,532726,1551.4
2036,2022-01-26 08:01:16,532726,1683.8
2037,2022-01-26 08:01:47,532727,1662.0
2038,2022-01-26 09:01:37,532727,1732.6
2039,2022-01-27 03:01:42,532731,2006.0
2040,2022-01-27 07:01:06,532735,1762.6
2041,2022-01-27 07:01:13,532735,1629.2
2042,2022-01-27 09:01:48,532737,1668.8
2043,2022-01-27 10:01:36,532737,1828.2
2044,2022-01-27 10:01:50,532737,1686.8
2045,2022-01-27 11:01:14,532737,1954.0
2046,2022-01-27 12:01:26,532738,1907.4
2047,2022-01-27 12:01:38,532738,1571.4
2048,2022-01-27 02:01:26,532739,1776.0
2049,2022-01-27 06:01:42,532740,1690.2
2050,2022-01-27 06:01:25,532741,1709.0
2051,2022-01-27 07:01:02,532742,1671.0
2052,2022-01-27 11:01:14,532744,1649.8
2053,2022-01-27 11:01:25,532744,1624.0
2054,2022-01-28 01:01:59,532745,1705.6
2055,2022-01-28 12:01:01,532745,1776.6
2056,2022-01-28 12:01:10,532745,1805.8
2057,2022-01-28 12:01:44,532745,1699.2
2058,2022-01-28 01:01:54,532746,1843.2
2059,2022-01-28 05:01:30,532748,1708.0
2060,2022-01-28 06:01:17,532748,1843.0
2061,2022-01-28 06:01:42,532748,1818.8
2062,2022-01-28 07:01:33,532748,1914.2
2063,2022-01-28 07:01:47,532748,1865.2
2064,2022-01-28 07:01:49,532748,1993.0
2065,2022-01-28 08:01:28,532748,1804.2
2066,2022-01-28 08:01:54,532748,1735.0
2067,2022-01-28 09:01:49,532748,1795.2
2068,2022-01-28 10:01:09,532748,1818.6
2069,2022-01-28 11:01:28,532748,1764.4
2070,2022-01-28 11:01:58,532748,1560.6
2071,2022-01-28 12:01:41,532748,1559.4
2072,2022-01-28 02:01:22,532749,1862.2
2073,2022-01-28 02:01:25,532749,1728.8
2074,2022-01-28 03:01:41,532750,1762.4
2075,2022-01-28 03:01:49,532750,1861.4
2076,2022-01-28 03:01:49,532750,1731.2
2077,2022-01-28 03:01:34,532751,1836.8
2078,2022-01-28 05:01:06,532752,1810.6
2079,2022-01-28 05:01:07,532752,1657.8
2080,2022-01-28 05:01:46,532752,2000.6
2081,2022-01-28 05:01:50,532752,1725.2
2082,2022-01-28 09:01:48,532756,1524.0
2083,2022-01-29 01:01:33,532759,1640.0
2084,2022-01-29 02:01:33,532760,1692.6
2085,2022-01-30 04:01:43,532760,1835.0
2086,2022-01-30 10:01:35,532760,1702.4
2087,2022-01-31 11:01:37,532763,1889.2
2088,2022-01-31 11:01:38,532763,1865.0
2089,2022-01-31 12:01:06,532763,1870.4
2090,2022-01-31 12:01:07,532763,1791.4
2091,2022-01-31 12:01:39,532763,1692.2
2092,2022-01-31 02:01:41,532766,1759.6
2093,2022-01-31 02:01:47,532766,1666.4
2094,2022-01-31 05:01:00,532767,1911.4
2095,2022-01-31 05:01:24,532767,1702.0
2096,2022-01-31 08:01:43,532767,1789.2
2097,2022-01-31 07:01:52,532768,1887.4
2098,2022-01-31 08:01:11,532769,1738.8
2099,2022-01-31 08:01:18,532769,1970.0
2100,2022-01-31 09:01:14,532769,1704.6
2101,2022-01-31 09:01:35,532769,1630.0
2102,2022-01-31 09:01:40,532769,1633.2
2103,2022-01-31 10:01:57,532771,1922.8
2104,2022-02-01 12:02:16,532775,1726.2
2105,2022-02-01 01:02:56,532776,1716.6
2106,2022-02-01 02:02:29,532776,1811.0
2107,2022-02-01 02:02:32,532776,1672.4
2108,2022-02-01 02:02:34,532776,1697.4
2109,2022-02-01 02:02:43,532776,1889.6
2110,2022-02-01 03:02:01,532776,1617.0
2111,2022-02-01 03:02:54,532776,1806.6
2112,2022-02-01 03:02:21,532777,1711.8
2113,2022-02-01 04:02:52,532777,1920.6
2114,2022-02-01 04:02:06,532778,1825.2
2115,2022-02-01 04:02:34,532778,1967.6
2116,2022-02-01 05:02:28,532778,1602.6
2117,2022-02-01 07:02:16,532778,1878.2
2118,2022-02-01 07:02:19,532778,1543.8
2119,2022-02-01 07:02:55,532778,1797.0
2120,2022-02-01 07:02:57,532778,1896.6
2121,2022-02-01 08:02:54,532778,1774.2
2122,2022-02-01 08:02:33,532779,1704.4
2123,2022-02-02 01:02:30,532784,2098.6
2124,2022-02-02 02:02:53,532785,1775.4
2125,2022-02-02 04:02:43,532786,1632.6
2126,2022-02-02 05:02:15,532786,1782.6
2127,2022-02-02 06:02:20,532786,1618.2
2128,2022-02-02 09:02:40,532786,1826.6
2129,2022-02-02 11:02:05,532786,1932.6
2130,2022-02-02 11:02:36,532786,1776.0
2131,2022-02-02 11:02:59,532786,1694.8
2132,2022-02-02 11:02:38,532787,1546.4
2133,2022-02-02 11:02:47,532787,1822.8
2134,2022-02-02 02:02:10,532790,1880.0
2135,2022-02-02 07:02:04,532797,1766.2
2136,2022-02-02 07:02:42,532798,1702.8
2137,2022-02-02 08:02:01,532798,1656.4
2138,2022-02-02 08:02:40,532798,1813.2
2139,2022-02-02 09:02:08,532798,1523.6
2140,2022-02-02 09:02:30,532798,1511.0
2141,2022-02-02 09:02:39,532798,1556.8
2142,2022-02-02 10:02:26,532798,1617.8
2143,2022-02-02 11:02:08,532798,1569.2
2144,2022-02-03 01:02:50,532798,1776.2
2145,2022-02-03 12:02:10,532798,1914.2
2146,2022-02-03 04:02:37,532799,1739.2
2147,2022-02-03 06:02:21,532799,1791.8
2148,2022-02-03 01:02:02,532801,1874.0
2149,2022-02-03 01:02:16,532801,1709.4
2150,2022-02-03 01:02:35,532801,1521.8
2151,2022-02-03 10:02:11,532801,1819.0
2152,2022-02-03 10:02:13,532801,1581.0
2153,2022-02-03 11:02:03,532801,1730.4
2154,2022-02-03 11:02:44,532801,1775.8
2155,2022-02-03 12:02:00,532801,1816.0
2156,2022-02-03 12:02:26,532801,1935.2
2157,2022-02-03 12:02:41,532801,1962.6
2158,2022-02-03 02:02:00,532803,1571.8
2159,2022-02-03 04:02:19,532806,1953.8
2160,2022-02-03 05:02:26,532807,1711.4
2161,2022-02-03 05:02:51,532807,1686.8
2162,2022-02-03 06:02:12,532811,1859.6
2163,2022-02-03 08:02:56,532815,1756.0
2164,2022-02-03 08:02:26,532816,1790.2
2165,2022-02-03 10:02:53,532819,1719.6
2166,2022-02-03 11:02:13,532819,1815.4
2167,2022-02-04 03:02:31,532821,1770.4
2168,2022-02-04 10:02:26,532823,1799.6
2169,2022-02-04 11:02:10,532825,2093.6
2170,2022-02-04 11:02:52,532825,1653.8
2171,2022-02-04 01:02:14,532827,1662.8
2172,2022-02-04 02:02:34,532827,1693.0
2173,2022-02-04 02:02:48,532827,1790.6
2174,2022-02-04 03:02:29,532827,1628.6
2175,2022-02-04 04:02:51,532827,1717.0
2176,2022-02-04 12:02:07,532827,1811.0
2177,2022-02-04 05:02:17,532828,1878.2
2178,2022-02-04 06:02:07,532828,1684.0
2179,2022-02-04 06:02:13,532828,1850.0
2180,2022-02-04 08:02:18,532829,1730.2
2181,2022-02-04 09:02:46,532830,1813.8
2182,2022-02-05 01:02:16,532832,1618.6
2183,2022-02-05 02:02:02,532832,1883.4
2184,2022-02-05 02:02:25,532832,1741.6
2185,2022-02-05 02:02:51,532832,1573.4
2186,2022-02-05 03:02:41,532832,1965.4
2187,2022-02-05 04:02:37,532833,1665.2
2188,2022-02-05 06:02:29,532833,1603.4
2189,2022-02-06 05:02:25,532834,1699.2
2190,2022-02-07 04:02:16,532834,1747.4
2191,2022-02-07 04:02:34,532834,1946.6
2192,2022-02-07 05:02:15,532835,1970.0
2193,2022-02-07 10:02:30,532838,1705.2
2194,2022-02-07 10:02:38,532838,1766.0
2195,2022-02-07 12:02:18,532838,1867.8
2196,2022-02-07 12:02:23,532838,1759.2
2197,2022-02-07 12:02:29,532838,1650.4
2198,2022-02-07 12:02:49,532838,1657.0
2199,2022-02-07 12:02:08,532839,1723.0
2200,2022-02-07 02:02:06,532840,1579.0
2201,2022-02-07 05:02:31,532843,1886.0
2202,2022-02-08 03:02:59,532843,1837.6
2203,2022-02-07 08:02:36,532844,1841.2
2204,2022-02-07 08:02:06,532845,1795.0
2205,2022-02-07 09:02:52,532845,1621.2
2206,2022-02-07 09:02:54,532846,1786.2
2207,2022-02-07 11:02:03,532846,1709.4
2208,2022-02-08 04:02:30,532846,1672.6
2209,2022-02-08 06:02:51,532847,1770.6
2210,2022-02-08 10:02:20,532852,1711.8
2211,2022-02-08 11:02:08,532853,1900.2
2212,2022-02-08 02:02:41,532857,1733.0
2213,2022-02-08 08:02:22,532859,1851.2
2214,2022-02-08 10:02:04,532861,1602.2
2215,2022-02-08 10:02:42,532861,1841.6
2216,2022-02-08 10:02:59,532861,1790.2
2217,2022-02-08 11:02:38,532861,1738.6
2218,2022-02-09 01:02:21,532862,1776.6
2219,2022-02-09 01:02:34,532862,1676.2
2220,2022-02-09 02:02:12,532862,1839.4
2221,2022-02-09 02:02:16,532862,1692.6
2222,2022-02-09 02:02:40,532863,1877.2
2223,2022-02-09 05:02:11,532864,1840.2
2224,2022-02-09 05:02:17,532864,1760.4
2225,2022-02-09 06:02:14,532864,1843.0
2226,2022-02-09 07:02:18,532864,1782.0
2227,2022-02-09 07:02:15,532865,1562.6
2228,2022-02-09 07:02:20,532865,1702.4
2229,2022-02-09 09:02:23,532865,2052.8
2230,2022-02-09 12:02:12,532865,1662.6
2231,2022-02-09 12:02:30,532865,1681.2
2232,2022-02-09 12:02:43,532865,1585.6
2233,2022-02-09 01:02:38,532866,1599.2
2234,2022-02-09 01:02:44,532866,1820.0
2235,2022-02-09 01:02:47,532866,1939.6
2236,2022-02-09 04:02:06,532871,1584.0
2237,2022-02-09 04:02:09,532871,1562.8
2238,2022-02-09 04:02:10,532871,1916.0
2239,2022-02-09 05:02:12,532871,1610.6
2240,2022-02-09 05:02:19,532871,1943.2
2241,2022-02-09 06:02:43,532872,1701.0
2242,2022-02-09 07:02:45,532874,1776.4
2243,2022-02-09 09:02:13,532875,1784.0
2244,2022-02-09 10:02:02,532875,1734.2
2245,2022-02-09 10:02:29,532875,1789.6
2246,2022-02-09 11:02:31,532875,1810.4
2247,2022-02-10 08:02:32,532877,1505.2
2248,2022-02-10 11:02:08,532879,1680.8
2249,2022-02-10 12:02:17,532881,1687.6
2250,2022-02-10 12:02:21,532881,1653.0
2251,2022-02-10 12:02:05,532882,1699.0
2252,2022-02-10 12:02:24,532882,1538.2
2253,2022-02-10 01:02:36,532883,1924.2
2254,2022-02-10 02:02:19,532884,1925.8
2255,2022-02-10 01:02:50,532885,1726.6
2256,2022-02-10 02:02:01,532885,2025.2
2257,2022-02-10 02:02:26,532885,1745.8
2258,2022-02-10 03:02:14,532887,1658.8
2259,2022-02-10 03:02:27,532888,1881.4
2260,2022-02-10 05:02:07,532890,1881.4
2261,2022-02-10 05:02:16,532890,1799.2
2262,2022-02-10 07:02:34,532890,1573.2
2263,2022-02-10 08:02:46,532890,1863.4
2264,2022-02-10 09:02:49,532891,1911.8
2265,2022-02-10 10:02:22,532894,1713.6
2266,2022-02-10 11:02:29,532894,1786.6
2267,2022-02-10 11:02:24,532897,1578.4
2268,2022-02-11 01:02:32,532897,1536.6
2269,2022-02-11 07:02:03,532898,1608.8
2270,2022-02-11 08:02:57,532898,1618.4
2271,2022-02-11 09:02:03,532898,1998.0
2272,2022-02-11 09:02:19,532898,1618.4
2273,2022-02-11 09:02:38,532898,1885.0
2274,2022-02-11 10:02:32,532898,1815.6
2275,2022-02-11 10:02:36,532898,1580.6
2276,2022-02-11 10:02:20,532899,1743.8
2277,2022-02-11 11:02:02,532899,1755.4
2278,2022-02-11 11:02:55,532899,1680.0
2279,2022-02-11 12:02:56,532899,1895.6
2280,2022-02-11 12:02:43,532900,1638.4
2281,2022-02-11 01:02:15,532901,1799.4
2282,2022-02-11 01:02:14,532903,1913.6
2283,2022-02-11 02:02:58,532907,1836.0
2284,2022-02-11 03:02:14,532909,1617.2
2285,2022-02-11 03:02:31,532909,1785.4
2286,2022-02-11 04:02:37,532909,1746.2
2287,2022-02-11 05:02:02,532910,1837.0
2288,2022-02-11 06:02:31,532911,1714.2
2289,2022-02-11 07:02:53,532912,1546.8
2290,2022-02-12 02:02:45,532914,1734.4
2291,2022-02-12 02:02:45,532914,1911.8
2292,2022-02-12 03:02:43,532914,1860.8
2293,2022-02-13 04:02:24,532914,1746.0
2294,2022-02-14 04:02:40,532914,1554.4
2295,2022-02-14 05:02:03,532916,1848.8
2296,2022-02-14 05:02:56,532916,1639.4
2297,2022-02-14 06:02:35,532919,1804.0
2298,2022-02-14 08:02:05,532920,1689.4
2299,2022-02-14 09:02:04,532921,1721.8
2300,2022-02-14 03:02:02,532922,1875.0
2301,2022-02-14 03:02:34,532922,1562.2
2302,2022-02-14 03:02:45,532922,1661.0
2303,2022-02-14 04:02:34,532923,1731.8
2304,2022-02-14 05:02:04,532929,1684.2
2305,2022-02-14 05:02:23,532930,1739.4
2306,2022-02-14 07:02:54,532930,1713.2
2307,2022-02-14 09:02:12,532933,1664.2
2308,2022-02-14 11:02:24,532935,1712.0
2309,2022-02-15 12:02:35,532935,1782.2
2310,2022-02-14 11:02:10,532936,1957.6
2311,2022-02-15 12:02:46,532936,1773.6
2312,2022-02-15 12:02:02,532937,1636.2
2313,2022-02-15 06:02:09,532938,1815.4
2314,2022-02-15 09:02:49,532940,1784.4
2315,2022-02-15 10:02:22,532940,1629.8
2316,2022-02-15 11:02:06,532941,1805.4
2317,2022-02-15 11:02:42,532941,1631.8
2318,2022-02-15 01:02:10,532943,1628.0
2319,2022-02-15 01:02:33,532943,1691.4
2320,2022-02-15 04:02:46,532945,1633.4
2321,2022-02-15 06:02:55,532946,1769.2
2322,2022-02-15 07:02:08,532946,1870.6
2323,2022-02-15 07:02:15,532946,1728.8
2324,2022-02-15 07:02:59,532946,1739.2
2325,2022-02-15 09:02:03,532946,1659.2
2326,2022-02-15 09:02:28,532946,1751.0
2327,2022-02-16 03:02:05,532950,1911.6
2328,2022-02-16 04:02:02,532950,1760.8
2329,2022-02-16 05:02:20,532950,1843.0
2330,2022-02-16 06:02:17,532952,1633.0
2331,2022-02-16 06:02:14,532953,1618.0
2332,2022-02-16 06:02:20,532953,1763.4
2333,2022-02-16 01:02:03,532956,1732.4
2334,2022-02-16 09:02:22,532956,1767.4
2335,2022-02-16 09:02:32,532956,1976.6
2336,2022-02-16 10:02:19,532956,1635.2
2337,2022-02-16 11:02:21,532956,1677.0
2338,2022-02-16 11:02:25,532956,1698.2
2339,2022-02-16 12:02:15,532956,1908.8
2340,2022-02-16 12:02:37,532956,1549.6
2341,2022-02-16 02:02:45,532958,1901.0
2342,2022-02-16 03:02:09,532958,1632.0
2343,2022-02-16 04:02:02,532960,1816.8
2344,2022-02-16 04:02:48,532964,1587.2
2345,2022-02-16 05:02:38,532965,1945.0
2346,2022-02-16 05:02:07,532967,1670.6
2347,2022-02-16 05:02:09,532968,1833.2
2348,2022-02-16 11:02:22,532971,1774.2
2349,2022-02-17 03:02:12,532974,1780.6
2350,2022-02-17 05:02:01,532974,1824.8
2351,2022-02-17 06:02:10,532975,1698.8
2352,2022-02-17 06:02:57,532975,1995.4
2353,2022-02-17 08:02:45,532975,1725.2
2354,2022-02-17 09:02:53,532976,1867.4
2355,2022-02-17 11:02:05,532976,1788.0
2356,2022-02-17 12:02:51,532977,1654.6
2357,2022-02-17 02:02:36,532978,1609.8
2358,2022-02-17 02:02:53,532978,1696.2
2359,2022-02-17 02:02:09,532979,1720.4
2360,2022-02-17 02:02:37,532979,1679.6
2361,2022-02-17 02:02:41,532979,1718.0
2362,2022-02-17 03:02:09,532983,2006.8
2363,2022-02-17 04:02:56,532984,1728.2
2364,2022-02-17 05:02:01,532986,1745.4
2365,2022-02-17 07:02:56,532986,1788.6
2366,2022-02-17 08:02:17,532988,1818.6
2367,2022-02-17 09:02:49,532988,1656.6
2368,2022-02-17 09:02:57,532988,1905.6
2369,2022-02-17 10:02:44,532988,1698.4
2370,2022-02-17 11:02:13,532988,1690.8
2371,2022-02-18 02:02:08,532989,1685.6
2372,2022-02-18 04:02:57,532989,1740.0
2373,2022-02-18 06:02:29,532991,1637.6
2374,2022-02-18 07:02:19,532992,1619.6
2375,2022-02-18 10:02:28,532994,1782.4
2376,2022-02-18 12:02:55,532996,1698.6
2377,2022-02-18 01:02:11,532999,1792.4
2378,2022-02-18 01:02:08,533000,1813.4
2379,2022-02-18 01:02:34,533000,1700.0
2380,2022-02-18 03:02:18,533001,1735.6
2381,2022-02-18 03:02:44,533001,1481.4
2382,2022-02-18 03:02:03,533002,1729.6
2383,2022-02-18 05:02:17,533002,1575.2
2384,2022-02-18 05:02:35,533003,1894.0
2385,2022-02-18 06:02:36,533003,1546.6
2386,2022-02-18 06:02:56,533003,1721.8
2387,2022-02-18 08:02:25,533003,1604.0
2388,2022-02-18 08:02:35,533004,1912.8
2389,2022-02-19 01:02:04,533004,1715.0
2390,2022-02-19 01:02:19,533004,1825.0
2391,2022-02-19 02:02:26,533004,1928.6
2392,2022-02-19 12:02:27,533004,1882.0
2393,2022-02-19 04:02:20,533006,1673.6
2394,2022-02-20 04:02:28,533006,1596.6
2395,2022-02-21 10:02:41,533010,1768.4
2396,2022-02-21 11:02:58,533010,1732.6
2397,2022-02-21 01:02:47,533012,1660.0
2398,2022-02-21 02:02:02,533012,1814.2
2399,2022-02-21 02:02:06,533013,1774.8
2400,2022-02-21 02:02:51,533013,1580.4
2401,2022-02-21 02:02:10,533014,1755.0
2402,2022-02-21 04:02:29,533017,1803.2
2403,2022-02-21 04:02:34,533017,1839.2
2404,2022-02-21 04:02:37,533017,1917.4
2405,2022-02-21 05:02:51,533018,1859.2
2406,2022-02-21 06:02:11,533018,1707.6
2407,2022-02-21 07:02:52,533018,1578.2
2408,2022-02-21 07:02:55,533018,1744.4
2409,2022-02-22 10:02:16,533021,1774.0
2410,2022-02-22 10:02:45,533021,1629.8
2411,2022-02-22 10:02:56,533021,1896.2
2412,2022-02-22 11:02:02,533021,1645.2
2413,2022-02-22 12:02:39,533021,1700.4
2414,2022-02-22 12:02:59,533021,1610.2
2415,2022-02-22 12:02:52,533022,1821.0
2416,2022-02-22 01:02:04,533024,1623.0
2417,2022-02-22 12:02:24,533024,1995.2
2418,2022-02-22 02:02:29,533025,1901.6
2419,2022-02-22 03:02:12,533026,1930.4
2420,2022-02-22 06:02:11,533028,1722.4
2421,2022-02-22 10:02:49,533032,1703.2
2422,2022-02-23 05:02:42,533034,1759.6
2423,2022-02-23 05:02:42,533034,1689.4
2424,2022-02-23 07:02:21,533035,1896.8
2425,2022-02-23 09:02:38,533036,1789.8
2426,2022-02-23 09:02:19,533037,1723.8
2427,2022-02-23 10:02:21,533039,1591.6
2428,2022-02-23 01:02:36,533041,1902.4
2429,2022-02-23 01:02:49,533042,1810.6
2430,2022-02-23 01:02:13,533043,1754.0
2431,2022-02-23 03:02:42,533044,1901.0
2432,2022-02-23 05:02:19,533045,1779.0
2433,2022-02-23 05:02:56,533045,1779.0
2434,2022-02-23 08:02:07,533046,1933.6
2435,2022-02-23 08:02:51,533046,2002.4
2436,2022-02-23 09:02:06,533046,1704.8
2437,2022-02-24 05:02:13,533050,1773.6
2438,2022-02-24 05:02:28,533050,1730.2
2439,2022-02-24 05:02:38,533050,2081.0
2440,2022-02-24 05:02:54,533050,1714.2
2441,2022-02-24 06:02:17,533050,1785.0
2442,2022-02-24 07:02:11,533050,1702.0
2443,2022-02-24 10:02:06,533050,1843.4
2444,2022-02-24 11:02:54,533050,1596.6
2445,2022-02-24 11:02:20,533051,1667.0
2446,2022-02-24 11:02:29,533051,1700.0
2447,2022-02-24 11:02:43,533051,1816.4
2448,2022-02-24 11:02:56,533051,1764.2
2449,2022-02-24 12:02:38,533051,1716.0
2450,2022-02-24 01:02:32,533053,1740.0
2451,2022-02-24 01:02:43,533053,1841.8
2452,2022-02-24 02:02:07,533053,1750.6
2453,2022-02-24 02:02:10,533054,1868.4
2454,2022-02-24 02:02:29,533054,1537.0
2455,2022-02-24 02:02:44,533055,1827.8
2456,2022-02-24 03:02:10,533056,1790.6
2457,2022-02-24 05:02:13,533059,1635.6
2458,2022-02-24 07:02:22,533061,1791.2
2459,2022-02-24 09:02:48,533062,1648.4
2460,2022-02-24 09:02:51,533062,1691.4
2461,2022-02-24 11:02:47,533063,1800.8
2462,2022-02-25 01:02:29,533063,1669.4
2463,2022-02-25 02:02:23,533064,1779.6
2464,2022-02-25 04:02:14,533064,1899.4
2465,2022-02-25 04:02:23,533064,1709.6
2466,2022-02-25 06:02:15,533065,1669.2
2467,2022-02-25 07:02:42,533065,1741.6
2468,2022-02-25 06:02:21,533066,1826.0
2469,2022-02-25 08:02:07,533067,1706.8
2470,2022-02-25 08:02:32,533067,1834.4
2471,2022-02-25 09:02:06,533067,1721.6
2472,2022-02-25 09:02:31,533068,1707.4
2473,2022-02-25 12:02:49,533070,1784.4
2474,2022-02-25 01:02:26,533071,1603.6
2475,2022-02-25 02:02:04,533072,1645.6
2476,2022-02-25 02:02:10,533072,1905.2
2477,2022-02-25 02:02:16,533072,1733.6
2478,2022-02-25 02:02:23,533072,1717.0
2479,2022-02-25 02:02:59,533072,1569.6
2480,2022-02-25 03:02:02,533072,1853.6
2481,2022-02-25 03:02:40,533072,1588.2
2482,2022-02-25 04:02:18,533073,1919.4
2483,2022-02-25 05:02:41,533075,1648.6
2484,2022-02-25 06:02:37,533076,1563.2
2485,2022-02-25 09:02:41,533079,1661.6
2486,2022-02-25 10:02:30,533080,1737.8
2487,2022-02-25 10:02:54,533080,2008.4
2488,2022-02-26 03:02:07,533081,1818.2
2489,2022-02-26 06:02:03,533082,1654.6
2490,2022-02-27 04:02:22,533083,1785.6
2491,2022-02-28 05:02:10,533084,1888.2
2492,2022-02-28 05:02:56,533084,1803.0
2493,2022-02-28 06:02:56,533087,1658.0
2494,2022-02-28 07:02:05,533087,1941.2
2495,2022-02-28 07:02:08,533087,1757.8
2496,2022-02-28 12:02:48,533090,1671.2
2497,2022-02-28 01:02:42,533091,1830.2
2498,2022-02-28 01:02:28,533092,1910.2
2499,2022-02-28 02:02:59,533092,1744.4
2500,2022-02-28 03:02:51,533094,1880.4
2501,2022-02-28 03:02:56,533094,1515.0
2502,2022-02-28 04:02:19,533095,1641.2
2503,2022-02-28 06:02:15,533095,1725.4
2504,2022-02-28 06:02:24,533095,1783.0
2505,2022-02-28 06:02:25,533095,1554.2
2506,2022-02-28 08:02:01,533095,1888.0
2507,2022-02-28 08:02:54,533095,1665.0
2508,2022-02-28 09:02:24,533096,1772.0
2509,2022-02-28 11:02:46,533099,1830.8